[{"announcement_id":1,"group_id":2,"message":"Discover the most exciting upcoming events!","scheduled_for":null,"created_at":"2025-11-02 11:18:07"},
{"announcement_id":2,"group_id":2,"message":"Hello world 🌎 ","scheduled_for":null,"created_at":"2025-11-02 12:30:25"},
{"announcement_id":3,"group_id":2,"message":"Hi","scheduled_for":null,"created_at":"2025-11-02 12:30:42"},
{"announcement_id":4,"group_id":2,"message":"Hi","scheduled_for":null,"created_at":"2025-11-02 12:30:57"},
{"announcement_id":5,"group_id":2,"message":"Notification testing ","scheduled_for":null,"created_at":"2025-11-02 12:31:19"},
{"announcement_id":6,"group_id":2,"message":"Test ","scheduled_for":null,"created_at":"2025-11-02 12:31:33"},
{"announcement_id":7,"group_id":2,"message":"Hi","scheduled_for":null,"created_at":"2025-11-02 12:31:44"},
{"announcement_id":8,"group_id":2,"message":"Yes","scheduled_for":null,"created_at":"2025-11-02 12:31:52"},
{"announcement_id":9,"group_id":2,"message":"Test3","scheduled_for":null,"created_at":"2025-11-02 12:32:50"},
{"announcement_id":10,"group_id":2,"message":"Hello","scheduled_for":null,"created_at":"2025-11-02 12:33:04"},
{"announcement_id":11,"group_id":2,"message":"Hi","scheduled_for":null,"created_at":"2025-11-02 12:34:55"},
{"announcement_id":12,"group_id":2,"message":"Hello","scheduled_for":null,"created_at":"2025-11-02 12:35:11"},
{"announcement_id":13,"group_id":2,"message":"Hello al amin","scheduled_for":null,"created_at":"2025-11-02 12:37:57"},
{"announcement_id":14,"group_id":2,"message":"Hurry","scheduled_for":null,"created_at":"2025-11-02 12:54:26"},
{"announcement_id":15,"group_id":2,"message":"Hi","scheduled_for":null,"created_at":"2025-11-03 07:10:37"},
{"announcement_id":16,"group_id":2,"message":"Hi","scheduled_for":null,"created_at":"2025-11-03 07:10:53"},
{"announcement_id":17,"group_id":2,"message":"Hi","scheduled_for":null,"created_at":"2025-11-03 07:11:05"},
{"announcement_id":18,"group_id":2,"message":"hello","scheduled_for":null,"created_at":"2025-11-03 08:00:24"},
{"announcement_id":19,"group_id":2,"message":"hello","scheduled_for":null,"created_at":"2025-11-03 08:01:11"},
{"announcement_id":20,"group_id":2,"message":"hello","scheduled_for":null,"created_at":"2025-11-03 08:01:21"},
{"announcement_id":21,"group_id":2,"message":"hello","scheduled_for":null,"created_at":"2025-11-03 08:51:08"},
{"announcement_id":22,"group_id":2,"message":"hi","scheduled_for":null,"created_at":"2025-11-03 09:16:58"},
{"announcement_id":23,"group_id":2,"message":"Hello","scheduled_for":null,"created_at":"2025-11-05 08:48:17"},
{"announcement_id":24,"group_id":2,"message":"Hhhhhhello","scheduled_for":null,"created_at":"2025-11-05 10:02:38"},
{"announcement_id":25,"group_id":2,"message":"Are you read guys? ","scheduled_for":null,"created_at":"2025-11-05 10:06:13"},
{"announcement_id":26,"group_id":2,"message":"Hello","scheduled_for":null,"created_at":"2025-11-05 10:06:53"},
{"announcement_id":27,"group_id":2,"message":"আপনাদের যদি কোন সময় মনে হয় যে এপ এর হিসাবে কোন প্রব্লেম আছে সাথে সাথে আমাকে জানাবেন অথবা আমি এভেইলেবল না থাকলে Whatsapp এ সমস্যার কথা উল্লেখ করবেন। \n-ধন্যবাদ","scheduled_for":null,"created_at":"2025-11-05 15:32:13"},
{"announcement_id":28,"group_id":2,"message":"প্রিয় দর্শনার্থী বৃন্দ। খুলনায় আপনাকে স্বাগতম। ","scheduled_for":null,"created_at":"2025-11-06 12:44:15"},
{"announcement_id":29,"group_id":2,"message":"সবাই নিউ মার্কেট এর লোকেশনে এর অটো ভাড়া কোয়ান্টিটি অনুযায়ী এড দিয়ে এপ এ ","scheduled_for":null,"created_at":"2025-11-06 14:10:53"}]
