[{"deposit_id":1,"user_id":8,"group_id":2,"amount":1500.0,"deposit_timestamp":"2025-11-02 12:58:11"},
{"deposit_id":2,"user_id":3,"group_id":2,"amount":1200.0,"deposit_timestamp":"2025-11-02 12:59:03"},
{"deposit_id":4,"user_id":4,"group_id":2,"amount":1000.0,"deposit_timestamp":"2025-11-02 12:59:45"},
{"deposit_id":5,"user_id":7,"group_id":2,"amount":600.0,"deposit_timestamp":"2025-11-02 13:01:12"},
{"deposit_id":7,"user_id":10,"group_id":2,"amount":1000.0,"deposit_timestamp":"2025-11-03 04:40:45"},
{"deposit_id":9,"user_id":9,"group_id":2,"amount":4000.0,"deposit_timestamp":"2025-11-05 10:52:59"},
{"deposit_id":10,"user_id":5,"group_id":2,"amount":1000.0,"deposit_timestamp":"2025-11-05 10:54:26"},
{"deposit_id":11,"user_id":10,"group_id":2,"amount":2000.0,"deposit_timestamp":"2025-11-05 10:54:33"},
{"deposit_id":12,"user_id":3,"group_id":2,"amount":8000.0,"deposit_timestamp":"2025-11-05 10:56:37"},
{"deposit_id":13,"user_id":7,"group_id":2,"amount":5000.0,"deposit_timestamp":"2025-11-05 10:56:45"},
{"deposit_id":14,"user_id":2,"group_id":2,"amount":10000.0,"deposit_timestamp":"2025-11-05 10:58:52"},
{"deposit_id":15,"user_id":8,"group_id":2,"amount":2000.0,"deposit_timestamp":"2025-11-05 11:03:39"},
{"deposit_id":16,"user_id":4,"group_id":2,"amount":3000.0,"deposit_timestamp":"2025-11-05 15:11:28"},
{"deposit_id":17,"user_id":5,"group_id":2,"amount":3000.0,"deposit_timestamp":"2025-11-06 06:06:54"},
{"deposit_id":18,"user_id":7,"group_id":2,"amount":1000.0,"deposit_timestamp":"2025-11-06 17:46:35"},
{"deposit_id":19,"user_id":4,"group_id":2,"amount":1500.0,"deposit_timestamp":"2025-11-07 03:15:04"},
{"deposit_id":20,"user_id":8,"group_id":2,"amount":500.0,"deposit_timestamp":"2025-11-07 08:01:21"},
{"deposit_id":21,"user_id":10,"group_id":2,"amount":380.0,"deposit_timestamp":"2025-11-07 08:01:39"},
{"deposit_id":22,"user_id":3,"group_id":2,"amount":100.0,"deposit_timestamp":"2025-11-07 08:01:51"},
{"deposit_id":23,"user_id":4,"group_id":2,"amount":500.0,"deposit_timestamp":"2025-11-07 08:02:04"},
{"deposit_id":24,"user_id":5,"group_id":2,"amount":1000.0,"deposit_timestamp":"2025-11-07 08:02:20"},
{"deposit_id":25,"user_id":10,"group_id":2,"amount":1000.0,"deposit_timestamp":"2025-11-07 13:58:50"},
{"deposit_id":26,"user_id":7,"group_id":2,"amount":1000.0,"deposit_timestamp":"2025-11-08 04:30:56"},
{"deposit_id":27,"user_id":3,"group_id":2,"amount":1500.0,"deposit_timestamp":"2025-11-08 09:23:57"},
{"deposit_id":28,"user_id":2,"group_id":2,"amount":100.0,"deposit_timestamp":"2025-11-08 09:24:07"},
{"deposit_id":29,"user_id":7,"group_id":2,"amount":790.0,"deposit_timestamp":"2025-11-08 15:48:58"},
{"deposit_id":30,"user_id":8,"group_id":2,"amount":130.0,"deposit_timestamp":"2025-11-08 17:09:32"}]
