[{"event_id":2,"location_id":3,"event_name":"বাসের টিকেট","description":"","estimated_cost_per_unit":650.0,"event_time":"","reminder_minutes":0},
{"event_id":3,"location_id":5,"event_name":"ফিশ ফিঙ্গার ","description":"","estimated_cost_per_unit":56.0,"event_time":"","reminder_minutes":0},
{"event_id":4,"location_id":6,"event_name":"রফিক মামার বিফ সিক কাবাব","description":"","estimated_cost_per_unit":100.0,"event_time":"","reminder_minutes":0},
{"event_id":5,"location_id":6,"event_name":"লুচি ও ভুড়ি ভুনা","description":"","estimated_cost_per_unit":70.0,"event_time":"","reminder_minutes":0},
{"event_id":6,"location_id":6,"event_name":"ডিম ঘুটা হাস ","description":"","estimated_cost_per_unit":30.0,"event_time":"","reminder_minutes":0},
{"event_id":7,"location_id":6,"event_name":"সোহাগের হালিম","description":"","estimated_cost_per_unit":80.0,"event_time":"","reminder_minutes":0},
{"event_id":8,"location_id":6,"event_name":"মামা নাগা ফুচকা","description":"","estimated_cost_per_unit":50.0,"event_time":"","reminder_minutes":0},
{"event_id":9,"location_id":6,"event_name":"কচি ডাব মাখা","description":"","estimated_cost_per_unit":30.0,"event_time":"","reminder_minutes":0},
{"event_id":11,"location_id":5,"event_name":"অটো ভাড়া","description":"","estimated_cost_per_unit":10.0,"event_time":"","reminder_minutes":0},
{"event_id":12,"location_id":6,"event_name":"অটো ভাড়া","description":"","estimated_cost_per_unit":10.0,"event_time":"","reminder_minutes":0},
{"event_id":13,"location_id":7,"event_name":"লুচি ","description":"","estimated_cost_per_unit":5.0,"event_time":"","reminder_minutes":0},
{"event_id":14,"location_id":7,"event_name":"মহেন্দ্র ঘোষের বাড়ি","description":"","estimated_cost_per_unit":0.0,"event_time":"","reminder_minutes":0},
{"event_id":15,"location_id":7,"event_name":"অটো ভাড়া","description":"","estimated_cost_per_unit":15.0,"event_time":"","reminder_minutes":0},
{"event_id":16,"location_id":8,"event_name":"ফালুদা","description":"","estimated_cost_per_unit":120.0,"event_time":"","reminder_minutes":0},
{"event_id":18,"location_id":9,"event_name":"অটো ভাড়া","description":"","estimated_cost_per_unit":22.0,"event_time":"","reminder_minutes":0},
{"event_id":19,"location_id":10,"event_name":"অটো ভাড়া","description":"","estimated_cost_per_unit":100.0,"event_time":"","reminder_minutes":0},
{"event_id":23,"location_id":12,"event_name":"অটো ভাড়া","description":"","estimated_cost_per_unit":10.0,"event_time":"","reminder_minutes":0},
{"event_id":25,"location_id":14,"event_name":"অটো ভাড়া","description":"","estimated_cost_per_unit":19.0,"event_time":"","reminder_minutes":0},
{"event_id":26,"location_id":14,"event_name":"আলুর দম","description":"","estimated_cost_per_unit":30.0,"event_time":"","reminder_minutes":0},
{"event_id":28,"location_id":14,"event_name":"খাসির চপ","description":"","estimated_cost_per_unit":8.0,"event_time":"","reminder_minutes":0},
{"event_id":29,"location_id":14,"event_name":"সুপ ঘুগনি নরমাল","description":"","estimated_cost_per_unit":20.0,"event_time":"","reminder_minutes":0},
{"event_id":30,"location_id":14,"event_name":"বাবুল ভাই এর ঘটি গরম","description":"","estimated_cost_per_unit":30.0,"event_time":"","reminder_minutes":0},
{"event_id":31,"location_id":14,"event_name":"সেবা টি মাশরুম চা","description":"","estimated_cost_per_unit":30.0,"event_time":"","reminder_minutes":0},
{"event_id":32,"location_id":14,"event_name":"সুমনের ছোলার ডালের পুরি","description":"","estimated_cost_per_unit":3.0,"event_time":"","reminder_minutes":0},
{"event_id":33,"location_id":15,"event_name":"অটো ভাড়া","description":"","estimated_cost_per_unit":10.0,"event_time":"","reminder_minutes":0},
{"event_id":34,"location_id":16,"event_name":"চুই ঝাল গোস্ত গরু","description":"","estimated_cost_per_unit":175.0,"event_time":"","reminder_minutes":0},
{"event_id":35,"location_id":16,"event_name":"ফুল ভাত","description":"","estimated_cost_per_unit":25.0,"event_time":"","reminder_minutes":0},
{"event_id":36,"location_id":16,"event_name":"অটো ভাড়া যাওয়া","description":"","estimated_cost_per_unit":22.0,"event_time":"","reminder_minutes":0},
{"event_id":37,"location_id":17,"event_name":"অটো ভাড়া দুপুরে","description":"","estimated_cost_per_unit":10.0,"event_time":"","reminder_minutes":0},
{"event_id":38,"location_id":18,"event_name":"অটো ভাড়া যাওয়া এবং হোটেলে আসা","description":"","estimated_cost_per_unit":22.0,"event_time":"","reminder_minutes":0},
{"event_id":39,"location_id":18,"event_name":"রুটি/পরোটা","description":"","estimated_cost_per_unit":12.0,"event_time":"","reminder_minutes":0},
{"event_id":40,"location_id":19,"event_name":"অটো ভাড়া","description":"","estimated_cost_per_unit":10.0,"event_time":"","reminder_minutes":0},
{"event_id":41,"location_id":19,"event_name":"পানতোয়া","description":"","estimated_cost_per_unit":20.0,"event_time":"","reminder_minutes":0},
{"event_id":42,"location_id":19,"event_name":"রসগোল্লা","description":"","estimated_cost_per_unit":20.0,"event_time":"","reminder_minutes":0},
{"event_id":43,"location_id":19,"event_name":"সন্দেশ","description":"","estimated_cost_per_unit":25.0,"event_time":"","reminder_minutes":0},
{"event_id":44,"location_id":20,"event_name":"অটো ভাড়া","description":"","estimated_cost_per_unit":5.0,"event_time":"","reminder_minutes":0},
{"event_id":45,"location_id":20,"event_name":"বাস ভাড়া","description":"","estimated_cost_per_unit":100.0,"event_time":"","reminder_minutes":0},
{"event_id":46,"location_id":21,"event_name":"এন্ট্রি ফি","description":"","estimated_cost_per_unit":30.0,"event_time":"","reminder_minutes":0},
{"event_id":47,"location_id":22,"event_name":"অটো ভাড়া","description":"","estimated_cost_per_unit":19.0,"event_time":"","reminder_minutes":0},
{"event_id":48,"location_id":23,"event_name":"আলুর দমের","description":"","estimated_cost_per_unit":30.0,"event_time":"","reminder_minutes":0},
{"event_id":49,"location_id":23,"event_name":"ভাত ফুল","description":"","estimated_cost_per_unit":20.0,"event_time":"","reminder_minutes":0},
{"event_id":50,"location_id":24,"event_name":"মেরিন ড্রাইভে অটো ভ্রমণ","description":"","estimated_cost_per_unit":46.0,"event_time":"","reminder_minutes":0},
{"event_id":51,"location_id":24,"event_name":"চা","description":"","estimated_cost_per_unit":7.0,"event_time":"","reminder_minutes":0},
{"event_id":52,"location_id":25,"event_name":"বাস ভাড়া বাগের থেকে খুলনা","description":"","estimated_cost_per_unit":100.0,"event_time":"","reminder_minutes":0},
{"event_id":53,"location_id":26,"event_name":"অটো ভাড়া","description":"","estimated_cost_per_unit":10.0,"event_time":"","reminder_minutes":0},
{"event_id":54,"location_id":27,"event_name":"অটো ভাড়া","description":"","estimated_cost_per_unit":10.0,"event_time":"","reminder_minutes":0},
{"event_id":55,"location_id":27,"event_name":"পুরি","description":"","estimated_cost_per_unit":2.0,"event_time":"","reminder_minutes":0},
{"event_id":56,"location_id":28,"event_name":"মালটা চা","description":"","estimated_cost_per_unit":10.0,"event_time":"","reminder_minutes":0},
{"event_id":61,"location_id":30,"event_name":"অটো ভাড়া","description":"","estimated_cost_per_unit":10.0,"event_time":"","reminder_minutes":0},
{"event_id":62,"location_id":30,"event_name":"চা","description":"","estimated_cost_per_unit":10.0,"event_time":"","reminder_minutes":0},
{"event_id":63,"location_id":31,"event_name":"অটো ভাড়া","description":"","estimated_cost_per_unit":10.0,"event_time":"","reminder_minutes":0},
{"event_id":64,"location_id":32,"event_name":"সকালের নাস্তা","description":"","estimated_cost_per_unit":50.0,"event_time":"","reminder_minutes":0},
{"event_id":65,"location_id":32,"event_name":"অটো ভাড়া","description":"","estimated_cost_per_unit":10.0,"event_time":"","reminder_minutes":0},
{"event_id":66,"location_id":33,"event_name":"অটো ভাড়া","description":"","estimated_cost_per_unit":10.0,"event_time":"","reminder_minutes":0},
{"event_id":67,"location_id":34,"event_name":"অটো ভাড়া","description":"","estimated_cost_per_unit":10.0,"event_time":"","reminder_minutes":0},
{"event_id":68,"location_id":34,"event_name":"মাংস","description":"","estimated_cost_per_unit":120.0,"event_time":"","reminder_minutes":0},
{"event_id":69,"location_id":35,"event_name":"বাস ভাড়া","description":"","estimated_cost_per_unit":650.0,"event_time":"","reminder_minutes":0},
{"event_id":70,"location_id":4,"event_name":"হোটেল ভাড়া","description":"","estimated_cost_per_unit":0.0,"event_time":"","reminder_minutes":0},
{"event_id":71,"location_id":6,"event_name":"ডিম ঘুটা মুরগি","description":"","estimated_cost_per_unit":25.0,"event_time":"","reminder_minutes":0},
{"event_id":72,"location_id":6,"event_name":"রফিক মামা চিকেন বিবিকিউ","description":"","estimated_cost_per_unit":100.0,"event_time":"","reminder_minutes":0},
{"event_id":73,"location_id":6,"event_name":"রফিক মামা লুচি ","description":"","estimated_cost_per_unit":10.0,"event_time":"","reminder_minutes":0},
{"event_id":74,"location_id":6,"event_name":"দুধ চা","description":"","estimated_cost_per_unit":30.0,"event_time":"","reminder_minutes":0},
{"event_id":75,"location_id":6,"event_name":"লাল চা","description":"","estimated_cost_per_unit":6.0,"event_time":"","reminder_minutes":0},
{"event_id":76,"location_id":5,"event_name":"প্রন ফ্রাই","description":"","estimated_cost_per_unit":55.0,"event_time":"","reminder_minutes":0},
{"event_id":77,"location_id":7,"event_name":"ডাল ভাজি","description":"","estimated_cost_per_unit":10.0,"event_time":"","reminder_minutes":0},
{"event_id":79,"location_id":10,"event_name":"চা","description":"","estimated_cost_per_unit":10.0,"event_time":"","reminder_minutes":0},
{"event_id":80,"location_id":11,"event_name":"ভাত ফুল","description":"","estimated_cost_per_unit":20.0,"event_time":"","reminder_minutes":0},
{"event_id":81,"location_id":11,"event_name":"গরু কোয়ার্টার","description":"","estimated_cost_per_unit":170.0,"event_time":"","reminder_minutes":0},
{"event_id":82,"location_id":11,"event_name":"ভাত হাফ","description":"","estimated_cost_per_unit":10.0,"event_time":"","reminder_minutes":0},
{"event_id":83,"location_id":11,"event_name":"ডাল ও পানি","description":"","estimated_cost_per_unit":16.0,"event_time":"","reminder_minutes":0},
{"event_id":84,"location_id":11,"event_name":"মুরগি","description":"","estimated_cost_per_unit":170.0,"event_time":"","reminder_minutes":0},
{"event_id":85,"location_id":14,"event_name":"সুপ ঘুগনি ডিম","description":"","estimated_cost_per_unit":50.0,"event_time":"","reminder_minutes":0},
{"event_id":86,"location_id":36,"event_name":"অটো ভাড়া","description":"","estimated_cost_per_unit":13.0,"event_time":"","reminder_minutes":0},
{"event_id":87,"location_id":36,"event_name":"নৌকা ভ্রমণ","description":"","estimated_cost_per_unit":32.0,"event_time":"","reminder_minutes":0},
{"event_id":88,"location_id":8,"event_name":"অটো ভাড়া সকাল","description":"","estimated_cost_per_unit":8.0,"event_time":"","reminder_minutes":0},
{"event_id":89,"location_id":8,"event_name":"অটো ভাড়া রাত","description":"","estimated_cost_per_unit":13.0,"event_time":"","reminder_minutes":0},
{"event_id":90,"location_id":16,"event_name":"হাফ ভাত","description":"","estimated_cost_per_unit":15.0,"event_time":"","reminder_minutes":0},
{"event_id":91,"location_id":16,"event_name":"চুই ঝাল গোশত খাসি","description":"","estimated_cost_per_unit":210.0,"event_time":"","reminder_minutes":0},
{"event_id":92,"location_id":16,"event_name":"7আপ","description":"","estimated_cost_per_unit":25.0,"event_time":"","reminder_minutes":0},
{"event_id":93,"location_id":16,"event_name":"চিংড়ি ভর্তা","description":"","estimated_cost_per_unit":30.0,"event_time":"","reminder_minutes":0},
{"event_id":94,"location_id":16,"event_name":"হোটেল ভাড়া","description":"","estimated_cost_per_unit":23.0,"event_time":"","reminder_minutes":0},
{"event_id":95,"location_id":17,"event_name":"অটো ভাড়া রাতের","description":"","estimated_cost_per_unit":23.0,"event_time":"","reminder_minutes":0},
{"event_id":96,"location_id":18,"event_name":"ডাল ভাজি","description":"","estimated_cost_per_unit":20.0,"event_time":"","reminder_minutes":0},
{"event_id":97,"location_id":18,"event_name":"ডিম ভাজি","description":"","estimated_cost_per_unit":20.0,"event_time":"","reminder_minutes":0},
{"event_id":98,"location_id":18,"event_name":"কলিজা","description":"","estimated_cost_per_unit":100.0,"event_time":"","reminder_minutes":0},
{"event_id":99,"location_id":18,"event_name":"নান রুটি","description":"","estimated_cost_per_unit":40.0,"event_time":"","reminder_minutes":0},
{"event_id":100,"location_id":18,"event_name":"রং চা","description":"","estimated_cost_per_unit":7.0,"event_time":"","reminder_minutes":0},
{"event_id":101,"location_id":18,"event_name":"দুধ চা","description":"","estimated_cost_per_unit":25.0,"event_time":"","reminder_minutes":0},
{"event_id":102,"location_id":23,"event_name":"ভাত হাফ","description":"","estimated_cost_per_unit":10.0,"event_time":"","reminder_minutes":0},
{"event_id":103,"location_id":23,"event_name":"গোশত বড়","description":"","estimated_cost_per_unit":140.0,"event_time":"","reminder_minutes":0},
{"event_id":104,"location_id":23,"event_name":"গোশত ছোট","description":"","estimated_cost_per_unit":80.0,"event_time":"","reminder_minutes":0},
{"event_id":105,"location_id":23,"event_name":"রুই মাছ ","description":"","estimated_cost_per_unit":150.0,"event_time":"","reminder_minutes":0},
{"event_id":106,"location_id":23,"event_name":"কলিজা","description":"","estimated_cost_per_unit":130.0,"event_time":"","reminder_minutes":0},
{"event_id":107,"location_id":23,"event_name":"ফেপসা ","description":"","estimated_cost_per_unit":130.0,"event_time":"","reminder_minutes":0},
{"event_id":108,"location_id":23,"event_name":"শাক ","description":"","estimated_cost_per_unit":30.0,"event_time":"","reminder_minutes":0},
{"event_id":109,"location_id":23,"event_name":"সরিষা ভর্তা","description":"","estimated_cost_per_unit":10.0,"event_time":"","reminder_minutes":0},
{"event_id":110,"location_id":23,"event_name":"ডিম ভুনা","description":"","estimated_cost_per_unit":30.0,"event_time":"","reminder_minutes":0},
{"event_id":111,"location_id":23,"event_name":"ভুঁড়ি","description":"","estimated_cost_per_unit":150.0,"event_time":"","reminder_minutes":0},
{"event_id":112,"location_id":28,"event_name":"অটো ভাড়া","description":"","estimated_cost_per_unit":8.0,"event_time":"","reminder_minutes":0},
{"event_id":113,"location_id":28,"event_name":"মালাই চা","description":"","estimated_cost_per_unit":60.0,"event_time":"","reminder_minutes":0},
{"event_id":114,"location_id":28,"event_name":"মাশরুম চা","description":"","estimated_cost_per_unit":15.0,"event_time":"","reminder_minutes":0},
{"event_id":115,"location_id":19,"event_name":"ইন্দ্রমোহন ও গোলামের পুরি অটো ভাড়া","description":"","estimated_cost_per_unit":22.0,"event_time":"","reminder_minutes":0}]
