[{"expense_id":2,"user_id":3,"event_id":70,"quantity":1,"total_cost":3600.0,"expense_timestamp":"2025-11-03 05:01:12","updated_at":null},
{"expense_id":3,"user_id":7,"event_id":70,"quantity":1,"total_cost":3600.0,"expense_timestamp":"2025-11-03 05:01:12","updated_at":null},
{"expense_id":4,"user_id":2,"event_id":70,"quantity":1,"total_cost":3600.0,"expense_timestamp":"2025-11-03 05:01:12","updated_at":"2025-11-05 09:29:57"},
{"expense_id":5,"user_id":8,"event_id":70,"quantity":1,"total_cost":1125.0,"expense_timestamp":"2025-11-03 05:08:32","updated_at":null},
{"expense_id":6,"user_id":5,"event_id":70,"quantity":1,"total_cost":1125.0,"expense_timestamp":"2025-11-03 05:08:32","updated_at":null},
{"expense_id":7,"user_id":9,"event_id":70,"quantity":1,"total_cost":1125.0,"expense_timestamp":"2025-11-03 05:08:32","updated_at":null},
{"expense_id":8,"user_id":10,"event_id":70,"quantity":1,"total_cost":1125.0,"expense_timestamp":"2025-11-03 05:08:32","updated_at":null},
{"expense_id":9,"user_id":4,"event_id":70,"quantity":1,"total_cost":1800.0,"expense_timestamp":"2025-11-03 05:08:52","updated_at":null},
{"expense_id":12,"user_id":2,"event_id":2,"quantity":2,"total_cost":1300.0,"expense_timestamp":"2025-11-05 08:55:16","updated_at":"2025-11-05 09:43:22"},
{"expense_id":14,"user_id":8,"event_id":2,"quantity":1,"total_cost":650.0,"expense_timestamp":"2025-11-05 08:56:24","updated_at":null},
{"expense_id":15,"user_id":7,"event_id":2,"quantity":2,"total_cost":1300.0,"expense_timestamp":"2025-11-05 08:56:27","updated_at":null},
{"expense_id":16,"user_id":4,"event_id":2,"quantity":1,"total_cost":650.0,"expense_timestamp":"2025-11-05 08:59:06","updated_at":null},
{"expense_id":21,"user_id":3,"event_id":2,"quantity":2,"total_cost":1300.0,"expense_timestamp":"2025-11-05 09:51:43","updated_at":null},
{"expense_id":22,"user_id":5,"event_id":2,"quantity":1,"total_cost":650.0,"expense_timestamp":"2025-11-05 09:57:10","updated_at":null},
{"expense_id":23,"user_id":10,"event_id":2,"quantity":1,"total_cost":650.0,"expense_timestamp":"2025-11-05 09:58:46","updated_at":null},
{"expense_id":24,"user_id":9,"event_id":2,"quantity":1,"total_cost":650.0,"expense_timestamp":"2025-11-05 10:00:25","updated_at":null},
{"expense_id":25,"user_id":2,"event_id":12,"quantity":2,"total_cost":20.0,"expense_timestamp":"2025-11-06 14:09:18","updated_at":null},
{"expense_id":26,"user_id":9,"event_id":12,"quantity":1,"total_cost":10.0,"expense_timestamp":"2025-11-06 14:14:11","updated_at":null},
{"expense_id":27,"user_id":3,"event_id":12,"quantity":2,"total_cost":20.0,"expense_timestamp":"2025-11-06 14:14:13","updated_at":null},
{"expense_id":28,"user_id":5,"event_id":12,"quantity":1,"total_cost":10.0,"expense_timestamp":"2025-11-06 14:14:18","updated_at":null},
{"expense_id":29,"user_id":7,"event_id":12,"quantity":2,"total_cost":20.0,"expense_timestamp":"2025-11-06 14:20:12","updated_at":null},
{"expense_id":30,"user_id":8,"event_id":12,"quantity":1,"total_cost":10.0,"expense_timestamp":"2025-11-06 14:20:15","updated_at":null},
{"expense_id":32,"user_id":3,"event_id":6,"quantity":2,"total_cost":60.0,"expense_timestamp":"2025-11-06 14:36:15","updated_at":null},
{"expense_id":33,"user_id":10,"event_id":6,"quantity":1,"total_cost":30.0,"expense_timestamp":"2025-11-06 14:36:24","updated_at":null},
{"expense_id":34,"user_id":5,"event_id":6,"quantity":1,"total_cost":30.0,"expense_timestamp":"2025-11-06 14:36:57","updated_at":null},
{"expense_id":35,"user_id":4,"event_id":71,"quantity":1,"total_cost":25.0,"expense_timestamp":"2025-11-06 14:37:00","updated_at":null},
{"expense_id":36,"user_id":8,"event_id":71,"quantity":1,"total_cost":25.0,"expense_timestamp":"2025-11-06 14:37:06","updated_at":null},
{"expense_id":37,"user_id":10,"event_id":12,"quantity":1,"total_cost":10.0,"expense_timestamp":"2025-11-06 14:37:14","updated_at":null},
{"expense_id":38,"user_id":9,"event_id":6,"quantity":1,"total_cost":30.0,"expense_timestamp":"2025-11-06 14:37:31","updated_at":null},
{"expense_id":39,"user_id":7,"event_id":71,"quantity":1,"total_cost":25.0,"expense_timestamp":"2025-11-06 14:38:39","updated_at":null},
{"expense_id":40,"user_id":7,"event_id":6,"quantity":1,"total_cost":30.0,"expense_timestamp":"2025-11-06 14:38:43","updated_at":null},
{"expense_id":41,"user_id":2,"event_id":71,"quantity":2,"total_cost":50.0,"expense_timestamp":"2025-11-06 14:40:45","updated_at":null},
{"expense_id":42,"user_id":3,"event_id":4,"quantity":1,"total_cost":100.0,"expense_timestamp":"2025-11-06 14:55:17","updated_at":null},
{"expense_id":43,"user_id":3,"event_id":73,"quantity":2,"total_cost":20.0,"expense_timestamp":"2025-11-06 14:55:24","updated_at":null},
{"expense_id":44,"user_id":10,"event_id":73,"quantity":2,"total_cost":20.0,"expense_timestamp":"2025-11-06 14:56:20","updated_at":null},
{"expense_id":45,"user_id":10,"event_id":4,"quantity":1,"total_cost":100.0,"expense_timestamp":"2025-11-06 14:56:24","updated_at":null},
{"expense_id":46,"user_id":8,"event_id":73,"quantity":2,"total_cost":20.0,"expense_timestamp":"2025-11-06 14:57:31","updated_at":null},
{"expense_id":47,"user_id":8,"event_id":4,"quantity":1,"total_cost":100.0,"expense_timestamp":"2025-11-06 14:57:41","updated_at":null},
{"expense_id":48,"user_id":2,"event_id":4,"quantity":1,"total_cost":100.0,"expense_timestamp":"2025-11-06 14:58:56","updated_at":null},
{"expense_id":49,"user_id":2,"event_id":73,"quantity":2,"total_cost":20.0,"expense_timestamp":"2025-11-06 14:59:00","updated_at":null},
{"expense_id":50,"user_id":8,"event_id":74,"quantity":1,"total_cost":30.0,"expense_timestamp":"2025-11-06 15:12:57","updated_at":null},
{"expense_id":51,"user_id":7,"event_id":74,"quantity":1,"total_cost":30.0,"expense_timestamp":"2025-11-06 15:13:54","updated_at":null},
{"expense_id":52,"user_id":7,"event_id":75,"quantity":1,"total_cost":6.0,"expense_timestamp":"2025-11-06 15:14:45","updated_at":null},
{"expense_id":53,"user_id":3,"event_id":74,"quantity":1,"total_cost":30.0,"expense_timestamp":"2025-11-06 15:14:59","updated_at":null},
{"expense_id":54,"user_id":3,"event_id":75,"quantity":1,"total_cost":6.0,"expense_timestamp":"2025-11-06 15:15:04","updated_at":null},
{"expense_id":55,"user_id":10,"event_id":75,"quantity":1,"total_cost":6.0,"expense_timestamp":"2025-11-06 15:16:05","updated_at":null},
{"expense_id":56,"user_id":5,"event_id":75,"quantity":1,"total_cost":6.0,"expense_timestamp":"2025-11-06 15:16:35","updated_at":null},
{"expense_id":57,"user_id":9,"event_id":74,"quantity":1,"total_cost":30.0,"expense_timestamp":"2025-11-06 15:17:05","updated_at":null},
{"expense_id":58,"user_id":4,"event_id":74,"quantity":1,"total_cost":30.0,"expense_timestamp":"2025-11-06 15:19:33","updated_at":null},
{"expense_id":59,"user_id":4,"event_id":73,"quantity":1,"total_cost":10.0,"expense_timestamp":"2025-11-06 15:19:39","updated_at":null},
{"expense_id":60,"user_id":4,"event_id":72,"quantity":1,"total_cost":100.0,"expense_timestamp":"2025-11-06 15:19:42","updated_at":null},
{"expense_id":61,"user_id":4,"event_id":12,"quantity":1,"total_cost":10.0,"expense_timestamp":"2025-11-06 15:20:15","updated_at":null},
{"expense_id":62,"user_id":5,"event_id":9,"quantity":1,"total_cost":30.0,"expense_timestamp":"2025-11-06 16:00:57","updated_at":null},
{"expense_id":63,"user_id":7,"event_id":9,"quantity":1,"total_cost":30.0,"expense_timestamp":"2025-11-06 16:21:23","updated_at":null},
{"expense_id":64,"user_id":2,"event_id":9,"quantity":1,"total_cost":30.0,"expense_timestamp":"2025-11-06 16:35:36","updated_at":null},
{"expense_id":65,"user_id":3,"event_id":9,"quantity":1,"total_cost":30.0,"expense_timestamp":"2025-11-06 16:35:42","updated_at":null},
{"expense_id":68,"user_id":5,"event_id":11,"quantity":1,"total_cost":30.0,"expense_timestamp":"2025-11-06 17:57:17","updated_at":null},
{"expense_id":69,"user_id":4,"event_id":11,"quantity":1,"total_cost":30.0,"expense_timestamp":"2025-11-06 17:57:17","updated_at":null},
{"expense_id":70,"user_id":9,"event_id":11,"quantity":1,"total_cost":30.0,"expense_timestamp":"2025-11-06 17:57:17","updated_at":null},
{"expense_id":71,"user_id":10,"event_id":11,"quantity":1,"total_cost":30.0,"expense_timestamp":"2025-11-06 17:57:17","updated_at":null},
{"expense_id":89,"user_id":3,"event_id":76,"quantity":3,"total_cost":165.0,"expense_timestamp":"2025-11-06 18:27:38","updated_at":null},
{"expense_id":90,"user_id":3,"event_id":3,"quantity":4,"total_cost":224.0,"expense_timestamp":"2025-11-06 18:27:49","updated_at":null},
{"expense_id":91,"user_id":2,"event_id":3,"quantity":4,"total_cost":224.0,"expense_timestamp":"2025-11-06 18:29:36","updated_at":null},
{"expense_id":92,"user_id":2,"event_id":76,"quantity":2,"total_cost":110.0,"expense_timestamp":"2025-11-06 18:29:41","updated_at":null},
{"expense_id":95,"user_id":5,"event_id":3,"quantity":2,"total_cost":112.0,"expense_timestamp":"2025-11-06 18:32:24","updated_at":null},
{"expense_id":96,"user_id":5,"event_id":76,"quantity":1,"total_cost":55.0,"expense_timestamp":"2025-11-06 18:34:07","updated_at":null},
{"expense_id":97,"user_id":8,"event_id":76,"quantity":2,"total_cost":110.0,"expense_timestamp":"2025-11-06 18:37:17","updated_at":null},
{"expense_id":98,"user_id":8,"event_id":3,"quantity":2,"total_cost":112.0,"expense_timestamp":"2025-11-06 18:37:27","updated_at":null},
{"expense_id":99,"user_id":9,"event_id":76,"quantity":1,"total_cost":55.0,"expense_timestamp":"2025-11-06 18:37:53","updated_at":null},
{"expense_id":100,"user_id":9,"event_id":3,"quantity":2,"total_cost":112.0,"expense_timestamp":"2025-11-06 18:38:14","updated_at":null},
{"expense_id":101,"user_id":7,"event_id":76,"quantity":2,"total_cost":110.0,"expense_timestamp":"2025-11-06 18:42:47","updated_at":null},
{"expense_id":102,"user_id":7,"event_id":3,"quantity":4,"total_cost":224.0,"expense_timestamp":"2025-11-06 18:42:58","updated_at":null},
{"expense_id":103,"user_id":4,"event_id":76,"quantity":1,"total_cost":55.0,"expense_timestamp":"2025-11-06 18:57:38","updated_at":null},
{"expense_id":104,"user_id":4,"event_id":3,"quantity":2,"total_cost":112.0,"expense_timestamp":"2025-11-06 18:57:44","updated_at":null},
{"expense_id":105,"user_id":10,"event_id":3,"quantity":2,"total_cost":112.0,"expense_timestamp":"2025-11-07 01:53:58","updated_at":null},
{"expense_id":106,"user_id":7,"event_id":73,"quantity":2,"total_cost":20.0,"expense_timestamp":"2025-11-07 01:56:09","updated_at":null},
{"expense_id":107,"user_id":7,"event_id":4,"quantity":1,"total_cost":100.0,"expense_timestamp":"2025-11-07 01:57:30","updated_at":null},
{"expense_id":108,"user_id":8,"event_id":11,"quantity":1,"total_cost":30.0,"expense_timestamp":"2025-11-07 01:58:40","updated_at":null},
{"expense_id":109,"user_id":8,"event_id":15,"quantity":1,"total_cost":15.0,"expense_timestamp":"2025-11-07 03:36:42","updated_at":null},
{"expense_id":110,"user_id":5,"event_id":15,"quantity":1,"total_cost":15.0,"expense_timestamp":"2025-11-07 03:36:42","updated_at":null},
{"expense_id":111,"user_id":4,"event_id":15,"quantity":1,"total_cost":15.0,"expense_timestamp":"2025-11-07 03:36:42","updated_at":"2025-11-07 04:00:43"},
{"expense_id":112,"user_id":9,"event_id":15,"quantity":1,"total_cost":15.0,"expense_timestamp":"2025-11-07 03:36:42","updated_at":"2025-11-07 03:52:46"},
{"expense_id":113,"user_id":10,"event_id":15,"quantity":1,"total_cost":15.0,"expense_timestamp":"2025-11-07 03:36:42","updated_at":null},
{"expense_id":114,"user_id":2,"event_id":15,"quantity":2,"total_cost":30.0,"expense_timestamp":"2025-11-07 03:36:59","updated_at":null},
{"expense_id":115,"user_id":7,"event_id":15,"quantity":2,"total_cost":30.0,"expense_timestamp":"2025-11-07 03:36:59","updated_at":null},
{"expense_id":116,"user_id":3,"event_id":15,"quantity":2,"total_cost":30.0,"expense_timestamp":"2025-11-07 03:36:59","updated_at":null},
{"expense_id":117,"user_id":4,"event_id":77,"quantity":1,"total_cost":10.0,"expense_timestamp":"2025-11-07 04:00:47","updated_at":null},
{"expense_id":118,"user_id":4,"event_id":13,"quantity":3,"total_cost":15.0,"expense_timestamp":"2025-11-07 04:00:57","updated_at":null},
{"expense_id":119,"user_id":3,"event_id":77,"quantity":2,"total_cost":20.0,"expense_timestamp":"2025-11-07 04:02:00","updated_at":null},
{"expense_id":120,"user_id":2,"event_id":77,"quantity":2,"total_cost":20.0,"expense_timestamp":"2025-11-07 04:02:02","updated_at":null},
{"expense_id":121,"user_id":2,"event_id":13,"quantity":4,"total_cost":20.0,"expense_timestamp":"2025-11-07 04:02:06","updated_at":null},
{"expense_id":122,"user_id":7,"event_id":77,"quantity":2,"total_cost":20.0,"expense_timestamp":"2025-11-07 04:02:09","updated_at":null},
{"expense_id":123,"user_id":3,"event_id":13,"quantity":8,"total_cost":40.0,"expense_timestamp":"2025-11-07 04:02:10","updated_at":null},
{"expense_id":124,"user_id":7,"event_id":13,"quantity":8,"total_cost":40.0,"expense_timestamp":"2025-11-07 04:02:45","updated_at":null},
{"expense_id":125,"user_id":10,"event_id":13,"quantity":4,"total_cost":20.0,"expense_timestamp":"2025-11-07 04:04:54","updated_at":null},
{"expense_id":126,"user_id":10,"event_id":77,"quantity":1,"total_cost":10.0,"expense_timestamp":"2025-11-07 04:04:57","updated_at":null},
{"expense_id":127,"user_id":8,"event_id":77,"quantity":1,"total_cost":10.0,"expense_timestamp":"2025-11-07 04:05:09","updated_at":null},
{"expense_id":128,"user_id":8,"event_id":13,"quantity":4,"total_cost":20.0,"expense_timestamp":"2025-11-07 04:05:16","updated_at":null},
{"expense_id":129,"user_id":9,"event_id":77,"quantity":1,"total_cost":10.0,"expense_timestamp":"2025-11-07 04:06:59","updated_at":null},
{"expense_id":130,"user_id":5,"event_id":77,"quantity":1,"total_cost":10.0,"expense_timestamp":"2025-11-07 04:07:01","updated_at":null},
{"expense_id":131,"user_id":9,"event_id":13,"quantity":4,"total_cost":20.0,"expense_timestamp":"2025-11-07 04:07:12","updated_at":null},
{"expense_id":132,"user_id":5,"event_id":13,"quantity":4,"total_cost":20.0,"expense_timestamp":"2025-11-07 04:07:16","updated_at":null},
{"expense_id":149,"user_id":8,"event_id":19,"quantity":1,"total_cost":100.0,"expense_timestamp":"2025-11-07 05:16:53","updated_at":null},
{"expense_id":150,"user_id":5,"event_id":19,"quantity":1,"total_cost":100.0,"expense_timestamp":"2025-11-07 05:16:53","updated_at":null},
{"expense_id":151,"user_id":4,"event_id":19,"quantity":1,"total_cost":100.0,"expense_timestamp":"2025-11-07 05:16:53","updated_at":null},
{"expense_id":152,"user_id":9,"event_id":19,"quantity":1,"total_cost":100.0,"expense_timestamp":"2025-11-07 05:16:53","updated_at":null},
{"expense_id":153,"user_id":10,"event_id":19,"quantity":1,"total_cost":100.0,"expense_timestamp":"2025-11-07 05:16:53","updated_at":null},
{"expense_id":154,"user_id":2,"event_id":19,"quantity":2,"total_cost":200.0,"expense_timestamp":"2025-11-07 05:17:08","updated_at":null},
{"expense_id":155,"user_id":7,"event_id":19,"quantity":2,"total_cost":200.0,"expense_timestamp":"2025-11-07 05:17:08","updated_at":null},
{"expense_id":156,"user_id":3,"event_id":19,"quantity":2,"total_cost":200.0,"expense_timestamp":"2025-11-07 05:17:08","updated_at":null},
{"expense_id":157,"user_id":8,"event_id":18,"quantity":1,"total_cost":22.0,"expense_timestamp":"2025-11-07 05:17:33","updated_at":null},
{"expense_id":158,"user_id":5,"event_id":18,"quantity":1,"total_cost":22.0,"expense_timestamp":"2025-11-07 05:17:33","updated_at":null},
{"expense_id":159,"user_id":4,"event_id":18,"quantity":1,"total_cost":22.0,"expense_timestamp":"2025-11-07 05:17:33","updated_at":null},
{"expense_id":160,"user_id":9,"event_id":18,"quantity":1,"total_cost":22.0,"expense_timestamp":"2025-11-07 05:17:33","updated_at":null},
{"expense_id":161,"user_id":10,"event_id":18,"quantity":1,"total_cost":22.0,"expense_timestamp":"2025-11-07 05:17:33","updated_at":null},
{"expense_id":162,"user_id":3,"event_id":18,"quantity":2,"total_cost":44.0,"expense_timestamp":"2025-11-07 05:17:47","updated_at":null},
{"expense_id":163,"user_id":2,"event_id":18,"quantity":2,"total_cost":44.0,"expense_timestamp":"2025-11-07 05:17:47","updated_at":null},
{"expense_id":164,"user_id":7,"event_id":18,"quantity":2,"total_cost":44.0,"expense_timestamp":"2025-11-07 05:17:47","updated_at":null},
{"expense_id":169,"user_id":3,"event_id":79,"quantity":2,"total_cost":20.0,"expense_timestamp":"2025-11-07 06:09:33","updated_at":null},
{"expense_id":170,"user_id":8,"event_id":79,"quantity":1,"total_cost":10.0,"expense_timestamp":"2025-11-07 06:09:33","updated_at":null},
{"expense_id":171,"user_id":5,"event_id":79,"quantity":1,"total_cost":10.0,"expense_timestamp":"2025-11-07 06:09:33","updated_at":null},
{"expense_id":172,"user_id":7,"event_id":79,"quantity":2,"total_cost":20.0,"expense_timestamp":"2025-11-07 06:09:33","updated_at":null},
{"expense_id":173,"user_id":4,"event_id":79,"quantity":1,"total_cost":10.0,"expense_timestamp":"2025-11-07 06:09:33","updated_at":null},
{"expense_id":174,"user_id":9,"event_id":79,"quantity":1,"total_cost":10.0,"expense_timestamp":"2025-11-07 06:09:33","updated_at":null},
{"expense_id":175,"user_id":2,"event_id":79,"quantity":2,"total_cost":20.0,"expense_timestamp":"2025-11-07 06:09:33","updated_at":null},
{"expense_id":176,"user_id":10,"event_id":79,"quantity":1,"total_cost":10.0,"expense_timestamp":"2025-11-07 06:09:33","updated_at":null},
{"expense_id":177,"user_id":8,"event_id":81,"quantity":1,"total_cost":170.0,"expense_timestamp":"2025-11-07 07:48:17","updated_at":null},
{"expense_id":178,"user_id":8,"event_id":80,"quantity":1,"total_cost":20.0,"expense_timestamp":"2025-11-07 07:48:20","updated_at":null},
{"expense_id":179,"user_id":8,"event_id":82,"quantity":1,"total_cost":10.0,"expense_timestamp":"2025-11-07 07:48:22","updated_at":null},
{"expense_id":180,"user_id":4,"event_id":80,"quantity":1,"total_cost":20.0,"expense_timestamp":"2025-11-07 07:49:52","updated_at":null},
{"expense_id":181,"user_id":3,"event_id":81,"quantity":3,"total_cost":510.0,"expense_timestamp":"2025-11-07 07:50:59","updated_at":null},
{"expense_id":182,"user_id":3,"event_id":80,"quantity":2,"total_cost":40.0,"expense_timestamp":"2025-11-07 07:51:03","updated_at":null},
{"expense_id":183,"user_id":3,"event_id":82,"quantity":4,"total_cost":40.0,"expense_timestamp":"2025-11-07 07:51:14","updated_at":null},
{"expense_id":184,"user_id":9,"event_id":81,"quantity":1,"total_cost":170.0,"expense_timestamp":"2025-11-07 07:51:14","updated_at":null},
{"expense_id":185,"user_id":2,"event_id":81,"quantity":2,"total_cost":340.0,"expense_timestamp":"2025-11-07 07:51:21","updated_at":null},
{"expense_id":186,"user_id":9,"event_id":80,"quantity":1,"total_cost":20.0,"expense_timestamp":"2025-11-07 07:51:24","updated_at":null},
{"expense_id":187,"user_id":2,"event_id":80,"quantity":2,"total_cost":40.0,"expense_timestamp":"2025-11-07 07:51:26","updated_at":null},
{"expense_id":188,"user_id":9,"event_id":82,"quantity":1,"total_cost":10.0,"expense_timestamp":"2025-11-07 07:51:26","updated_at":null},
{"expense_id":189,"user_id":2,"event_id":82,"quantity":1,"total_cost":10.0,"expense_timestamp":"2025-11-07 07:51:30","updated_at":null},
{"expense_id":190,"user_id":5,"event_id":81,"quantity":1,"total_cost":170.0,"expense_timestamp":"2025-11-07 07:51:51","updated_at":null},
{"expense_id":191,"user_id":5,"event_id":80,"quantity":1,"total_cost":20.0,"expense_timestamp":"2025-11-07 07:51:56","updated_at":null},
{"expense_id":192,"user_id":7,"event_id":81,"quantity":2,"total_cost":340.0,"expense_timestamp":"2025-11-07 07:51:57","updated_at":null},
{"expense_id":193,"user_id":5,"event_id":82,"quantity":1,"total_cost":10.0,"expense_timestamp":"2025-11-07 07:51:59","updated_at":null},
{"expense_id":194,"user_id":7,"event_id":80,"quantity":2,"total_cost":40.0,"expense_timestamp":"2025-11-07 07:52:03","updated_at":null},
{"expense_id":195,"user_id":7,"event_id":82,"quantity":2,"total_cost":20.0,"expense_timestamp":"2025-11-07 07:52:08","updated_at":null},
{"expense_id":196,"user_id":10,"event_id":81,"quantity":1,"total_cost":170.0,"expense_timestamp":"2025-11-07 07:52:11","updated_at":null},
{"expense_id":197,"user_id":10,"event_id":80,"quantity":1,"total_cost":20.0,"expense_timestamp":"2025-11-07 07:52:18","updated_at":null},
{"expense_id":198,"user_id":8,"event_id":83,"quantity":1,"total_cost":16.0,"expense_timestamp":"2025-11-07 07:59:46","updated_at":null},
{"expense_id":199,"user_id":5,"event_id":83,"quantity":1,"total_cost":16.0,"expense_timestamp":"2025-11-07 07:59:46","updated_at":null},
{"expense_id":200,"user_id":4,"event_id":83,"quantity":1,"total_cost":16.0,"expense_timestamp":"2025-11-07 07:59:46","updated_at":null},
{"expense_id":201,"user_id":9,"event_id":83,"quantity":1,"total_cost":16.0,"expense_timestamp":"2025-11-07 07:59:46","updated_at":null},
{"expense_id":202,"user_id":10,"event_id":83,"quantity":1,"total_cost":16.0,"expense_timestamp":"2025-11-07 07:59:46","updated_at":null},
{"expense_id":203,"user_id":7,"event_id":83,"quantity":2,"total_cost":32.0,"expense_timestamp":"2025-11-07 07:59:57","updated_at":null},
{"expense_id":204,"user_id":2,"event_id":83,"quantity":2,"total_cost":32.0,"expense_timestamp":"2025-11-07 07:59:57","updated_at":null},
{"expense_id":205,"user_id":3,"event_id":83,"quantity":2,"total_cost":32.0,"expense_timestamp":"2025-11-07 07:59:57","updated_at":null},
{"expense_id":206,"user_id":4,"event_id":84,"quantity":1,"total_cost":170.0,"expense_timestamp":"2025-11-07 08:00:10","updated_at":null},
{"expense_id":207,"user_id":4,"event_id":69,"quantity":1,"total_cost":674.0,"expense_timestamp":"2025-11-07 12:01:56","updated_at":null},
{"expense_id":208,"user_id":8,"event_id":25,"quantity":1,"total_cost":19.0,"expense_timestamp":"2025-11-07 12:10:07","updated_at":null},
{"expense_id":209,"user_id":5,"event_id":25,"quantity":1,"total_cost":19.0,"expense_timestamp":"2025-11-07 12:10:07","updated_at":null},
{"expense_id":210,"user_id":4,"event_id":25,"quantity":1,"total_cost":19.0,"expense_timestamp":"2025-11-07 12:10:07","updated_at":null},
{"expense_id":211,"user_id":9,"event_id":25,"quantity":1,"total_cost":19.0,"expense_timestamp":"2025-11-07 12:10:07","updated_at":null},
{"expense_id":212,"user_id":10,"event_id":25,"quantity":1,"total_cost":19.0,"expense_timestamp":"2025-11-07 12:10:07","updated_at":null},
{"expense_id":213,"user_id":3,"event_id":25,"quantity":2,"total_cost":38.0,"expense_timestamp":"2025-11-07 12:10:21","updated_at":null},
{"expense_id":214,"user_id":7,"event_id":25,"quantity":2,"total_cost":38.0,"expense_timestamp":"2025-11-07 12:10:21","updated_at":null},
{"expense_id":215,"user_id":2,"event_id":25,"quantity":2,"total_cost":38.0,"expense_timestamp":"2025-11-07 12:10:21","updated_at":null},
{"expense_id":216,"user_id":5,"event_id":85,"quantity":1,"total_cost":50.0,"expense_timestamp":"2025-11-07 12:56:13","updated_at":null},
{"expense_id":217,"user_id":4,"event_id":29,"quantity":1,"total_cost":20.0,"expense_timestamp":"2025-11-07 12:56:29","updated_at":null},
{"expense_id":218,"user_id":7,"event_id":29,"quantity":1,"total_cost":20.0,"expense_timestamp":"2025-11-07 12:57:18","updated_at":null},
{"expense_id":219,"user_id":2,"event_id":29,"quantity":2,"total_cost":40.0,"expense_timestamp":"2025-11-07 12:57:45","updated_at":null},
{"expense_id":220,"user_id":8,"event_id":29,"quantity":1,"total_cost":20.0,"expense_timestamp":"2025-11-07 12:57:54","updated_at":null},
{"expense_id":221,"user_id":3,"event_id":29,"quantity":1,"total_cost":20.0,"expense_timestamp":"2025-11-07 12:58:03","updated_at":null},
{"expense_id":222,"user_id":3,"event_id":85,"quantity":1,"total_cost":50.0,"expense_timestamp":"2025-11-07 12:58:05","updated_at":null},
{"expense_id":224,"user_id":8,"event_id":28,"quantity":1,"total_cost":8.0,"expense_timestamp":"2025-11-07 13:10:46","updated_at":null},
{"expense_id":225,"user_id":5,"event_id":28,"quantity":1,"total_cost":8.0,"expense_timestamp":"2025-11-07 13:10:46","updated_at":null},
{"expense_id":226,"user_id":4,"event_id":28,"quantity":1,"total_cost":8.0,"expense_timestamp":"2025-11-07 13:10:46","updated_at":null},
{"expense_id":227,"user_id":9,"event_id":28,"quantity":1,"total_cost":8.0,"expense_timestamp":"2025-11-07 13:10:46","updated_at":null},
{"expense_id":228,"user_id":2,"event_id":28,"quantity":1,"total_cost":8.0,"expense_timestamp":"2025-11-07 13:10:46","updated_at":null},
{"expense_id":229,"user_id":10,"event_id":28,"quantity":1,"total_cost":8.0,"expense_timestamp":"2025-11-07 13:10:46","updated_at":null},
{"expense_id":230,"user_id":8,"event_id":28,"quantity":1,"total_cost":8.0,"expense_timestamp":"2025-11-07 13:11:07","updated_at":null},
{"expense_id":231,"user_id":5,"event_id":28,"quantity":1,"total_cost":8.0,"expense_timestamp":"2025-11-07 13:11:07","updated_at":null},
{"expense_id":232,"user_id":4,"event_id":28,"quantity":1,"total_cost":8.0,"expense_timestamp":"2025-11-07 13:11:07","updated_at":null},
{"expense_id":233,"user_id":9,"event_id":28,"quantity":1,"total_cost":8.0,"expense_timestamp":"2025-11-07 13:11:07","updated_at":null},
{"expense_id":234,"user_id":10,"event_id":28,"quantity":1,"total_cost":8.0,"expense_timestamp":"2025-11-07 13:11:07","updated_at":null},
{"expense_id":235,"user_id":2,"event_id":28,"quantity":1,"total_cost":8.0,"expense_timestamp":"2025-11-07 13:11:07","updated_at":null},
{"expense_id":236,"user_id":3,"event_id":28,"quantity":4,"total_cost":32.0,"expense_timestamp":"2025-11-07 13:11:29","updated_at":null},
{"expense_id":237,"user_id":7,"event_id":28,"quantity":4,"total_cost":32.0,"expense_timestamp":"2025-11-07 13:11:29","updated_at":null},
{"expense_id":238,"user_id":8,"event_id":32,"quantity":1,"total_cost":3.0,"expense_timestamp":"2025-11-07 13:24:16","updated_at":null},
{"expense_id":239,"user_id":3,"event_id":32,"quantity":3,"total_cost":9.0,"expense_timestamp":"2025-11-07 13:24:20","updated_at":null},
{"expense_id":240,"user_id":9,"event_id":32,"quantity":1,"total_cost":3.0,"expense_timestamp":"2025-11-07 13:25:50","updated_at":null},
{"expense_id":241,"user_id":10,"event_id":32,"quantity":1,"total_cost":3.0,"expense_timestamp":"2025-11-07 13:25:53","updated_at":null},
{"expense_id":242,"user_id":5,"event_id":32,"quantity":1,"total_cost":3.0,"expense_timestamp":"2025-11-07 13:26:11","updated_at":null},
{"expense_id":243,"user_id":8,"event_id":86,"quantity":1,"total_cost":13.0,"expense_timestamp":"2025-11-07 13:29:06","updated_at":null},
{"expense_id":244,"user_id":5,"event_id":86,"quantity":1,"total_cost":13.0,"expense_timestamp":"2025-11-07 13:29:06","updated_at":null},
{"expense_id":245,"user_id":4,"event_id":86,"quantity":1,"total_cost":13.0,"expense_timestamp":"2025-11-07 13:29:06","updated_at":null},
{"expense_id":246,"user_id":9,"event_id":86,"quantity":1,"total_cost":13.0,"expense_timestamp":"2025-11-07 13:29:06","updated_at":null},
{"expense_id":247,"user_id":10,"event_id":86,"quantity":1,"total_cost":13.0,"expense_timestamp":"2025-11-07 13:29:06","updated_at":null},
{"expense_id":248,"user_id":7,"event_id":86,"quantity":2,"total_cost":26.0,"expense_timestamp":"2025-11-07 13:29:24","updated_at":null},
{"expense_id":249,"user_id":2,"event_id":86,"quantity":2,"total_cost":26.0,"expense_timestamp":"2025-11-07 13:29:24","updated_at":null},
{"expense_id":250,"user_id":3,"event_id":86,"quantity":2,"total_cost":26.0,"expense_timestamp":"2025-11-07 13:29:24","updated_at":null},
{"expense_id":251,"user_id":2,"event_id":32,"quantity":2,"total_cost":6.0,"expense_timestamp":"2025-11-07 13:30:44","updated_at":null},
{"expense_id":252,"user_id":5,"event_id":87,"quantity":1,"total_cost":32.0,"expense_timestamp":"2025-11-07 14:47:22","updated_at":null},
{"expense_id":253,"user_id":4,"event_id":87,"quantity":1,"total_cost":32.0,"expense_timestamp":"2025-11-07 14:47:22","updated_at":null},
{"expense_id":254,"user_id":9,"event_id":87,"quantity":1,"total_cost":32.0,"expense_timestamp":"2025-11-07 14:47:22","updated_at":null},
{"expense_id":255,"user_id":10,"event_id":87,"quantity":1,"total_cost":32.0,"expense_timestamp":"2025-11-07 14:47:22","updated_at":null},
{"expense_id":256,"user_id":7,"event_id":87,"quantity":2,"total_cost":64.0,"expense_timestamp":"2025-11-07 14:47:35","updated_at":null},
{"expense_id":257,"user_id":2,"event_id":87,"quantity":2,"total_cost":64.0,"expense_timestamp":"2025-11-07 14:47:35","updated_at":null},
{"expense_id":258,"user_id":4,"event_id":32,"quantity":1,"total_cost":3.0,"expense_timestamp":"2025-11-07 14:59:16","updated_at":null},
{"expense_id":267,"user_id":8,"event_id":89,"quantity":1,"total_cost":13.0,"expense_timestamp":"2025-11-07 15:50:37","updated_at":null},
{"expense_id":268,"user_id":5,"event_id":89,"quantity":1,"total_cost":13.0,"expense_timestamp":"2025-11-07 15:50:37","updated_at":null},
{"expense_id":269,"user_id":4,"event_id":89,"quantity":1,"total_cost":13.0,"expense_timestamp":"2025-11-07 15:50:37","updated_at":null},
{"expense_id":270,"user_id":9,"event_id":89,"quantity":1,"total_cost":13.0,"expense_timestamp":"2025-11-07 15:50:37","updated_at":null},
{"expense_id":271,"user_id":10,"event_id":89,"quantity":1,"total_cost":13.0,"expense_timestamp":"2025-11-07 15:50:37","updated_at":null},
{"expense_id":272,"user_id":7,"event_id":89,"quantity":2,"total_cost":26.0,"expense_timestamp":"2025-11-07 15:50:48","updated_at":null},
{"expense_id":273,"user_id":2,"event_id":89,"quantity":2,"total_cost":26.0,"expense_timestamp":"2025-11-07 15:50:48","updated_at":null},
{"expense_id":274,"user_id":3,"event_id":89,"quantity":2,"total_cost":26.0,"expense_timestamp":"2025-11-07 15:50:48","updated_at":null},
{"expense_id":275,"user_id":8,"event_id":88,"quantity":1,"total_cost":8.0,"expense_timestamp":"2025-11-07 15:51:08","updated_at":null},
{"expense_id":276,"user_id":5,"event_id":88,"quantity":1,"total_cost":8.0,"expense_timestamp":"2025-11-07 15:51:08","updated_at":null},
{"expense_id":277,"user_id":4,"event_id":88,"quantity":1,"total_cost":8.0,"expense_timestamp":"2025-11-07 15:51:08","updated_at":null},
{"expense_id":278,"user_id":9,"event_id":88,"quantity":1,"total_cost":8.0,"expense_timestamp":"2025-11-07 15:51:08","updated_at":null},
{"expense_id":279,"user_id":10,"event_id":88,"quantity":1,"total_cost":8.0,"expense_timestamp":"2025-11-07 15:51:08","updated_at":null},
{"expense_id":280,"user_id":3,"event_id":88,"quantity":2,"total_cost":16.0,"expense_timestamp":"2025-11-07 15:51:19","updated_at":null},
{"expense_id":281,"user_id":7,"event_id":88,"quantity":2,"total_cost":16.0,"expense_timestamp":"2025-11-07 15:51:19","updated_at":null},
{"expense_id":282,"user_id":2,"event_id":88,"quantity":2,"total_cost":16.0,"expense_timestamp":"2025-11-07 15:51:19","updated_at":null},
{"expense_id":283,"user_id":7,"event_id":32,"quantity":4,"total_cost":12.0,"expense_timestamp":"2025-11-07 16:11:01","updated_at":null},
{"expense_id":284,"user_id":8,"event_id":36,"quantity":1,"total_cost":23.0,"expense_timestamp":"2025-11-07 16:32:02","updated_at":null},
{"expense_id":285,"user_id":5,"event_id":36,"quantity":1,"total_cost":23.0,"expense_timestamp":"2025-11-07 16:32:02","updated_at":null},
{"expense_id":286,"user_id":4,"event_id":36,"quantity":1,"total_cost":23.0,"expense_timestamp":"2025-11-07 16:32:02","updated_at":null},
{"expense_id":287,"user_id":9,"event_id":36,"quantity":1,"total_cost":23.0,"expense_timestamp":"2025-11-07 16:32:02","updated_at":null},
{"expense_id":288,"user_id":10,"event_id":36,"quantity":1,"total_cost":23.0,"expense_timestamp":"2025-11-07 16:32:02","updated_at":null},
{"expense_id":289,"user_id":3,"event_id":36,"quantity":2,"total_cost":46.0,"expense_timestamp":"2025-11-07 16:32:16","updated_at":null},
{"expense_id":290,"user_id":2,"event_id":36,"quantity":2,"total_cost":46.0,"expense_timestamp":"2025-11-07 16:32:16","updated_at":null},
{"expense_id":291,"user_id":3,"event_id":34,"quantity":2,"total_cost":350.0,"expense_timestamp":"2025-11-07 17:10:41","updated_at":null},
{"expense_id":292,"user_id":3,"event_id":35,"quantity":2,"total_cost":50.0,"expense_timestamp":"2025-11-07 17:10:47","updated_at":null},
{"expense_id":293,"user_id":4,"event_id":92,"quantity":1,"total_cost":25.0,"expense_timestamp":"2025-11-07 17:11:43","updated_at":null},
{"expense_id":294,"user_id":4,"event_id":91,"quantity":1,"total_cost":210.0,"expense_timestamp":"2025-11-07 17:11:50","updated_at":null},
{"expense_id":295,"user_id":4,"event_id":35,"quantity":1,"total_cost":25.0,"expense_timestamp":"2025-11-07 17:11:53","updated_at":null},
{"expense_id":297,"user_id":3,"event_id":92,"quantity":2,"total_cost":50.0,"expense_timestamp":"2025-11-07 17:12:05","updated_at":null},
{"expense_id":298,"user_id":8,"event_id":34,"quantity":1,"total_cost":175.0,"expense_timestamp":"2025-11-07 17:12:12","updated_at":null},
{"expense_id":299,"user_id":8,"event_id":35,"quantity":1,"total_cost":25.0,"expense_timestamp":"2025-11-07 17:12:15","updated_at":null},
{"expense_id":300,"user_id":5,"event_id":34,"quantity":1,"total_cost":175.0,"expense_timestamp":"2025-11-07 17:12:15","updated_at":null},
{"expense_id":301,"user_id":3,"event_id":93,"quantity":2,"total_cost":60.0,"expense_timestamp":"2025-11-07 17:12:16","updated_at":null},
{"expense_id":302,"user_id":8,"event_id":90,"quantity":1,"total_cost":15.0,"expense_timestamp":"2025-11-07 17:12:19","updated_at":null},
{"expense_id":303,"user_id":8,"event_id":93,"quantity":1,"total_cost":30.0,"expense_timestamp":"2025-11-07 17:12:23","updated_at":null},
{"expense_id":304,"user_id":8,"event_id":92,"quantity":1,"total_cost":25.0,"expense_timestamp":"2025-11-07 17:12:26","updated_at":null},
{"expense_id":305,"user_id":2,"event_id":92,"quantity":1,"total_cost":25.0,"expense_timestamp":"2025-11-07 17:12:27","updated_at":null},
{"expense_id":306,"user_id":5,"event_id":35,"quantity":1,"total_cost":25.0,"expense_timestamp":"2025-11-07 17:12:41","updated_at":null},
{"expense_id":307,"user_id":2,"event_id":93,"quantity":1,"total_cost":30.0,"expense_timestamp":"2025-11-07 17:12:41","updated_at":null},
{"expense_id":309,"user_id":5,"event_id":90,"quantity":1,"total_cost":15.0,"expense_timestamp":"2025-11-07 17:12:47","updated_at":null},
{"expense_id":310,"user_id":2,"event_id":34,"quantity":2,"total_cost":350.0,"expense_timestamp":"2025-11-07 17:12:52","updated_at":null},
{"expense_id":311,"user_id":5,"event_id":92,"quantity":1,"total_cost":25.0,"expense_timestamp":"2025-11-07 17:13:15","updated_at":null},
{"expense_id":312,"user_id":10,"event_id":93,"quantity":1,"total_cost":30.0,"expense_timestamp":"2025-11-07 17:14:21","updated_at":null},
{"expense_id":313,"user_id":10,"event_id":34,"quantity":1,"total_cost":175.0,"expense_timestamp":"2025-11-07 17:14:26","updated_at":null},
{"expense_id":314,"user_id":10,"event_id":35,"quantity":1,"total_cost":25.0,"expense_timestamp":"2025-11-07 17:14:29","updated_at":null},
{"expense_id":315,"user_id":2,"event_id":35,"quantity":2,"total_cost":50.0,"expense_timestamp":"2025-11-07 17:42:46","updated_at":null},
{"expense_id":316,"user_id":8,"event_id":37,"quantity":1,"total_cost":10.0,"expense_timestamp":"2025-11-07 17:59:02","updated_at":null},
{"expense_id":317,"user_id":5,"event_id":37,"quantity":1,"total_cost":10.0,"expense_timestamp":"2025-11-07 17:59:02","updated_at":null},
{"expense_id":318,"user_id":4,"event_id":37,"quantity":1,"total_cost":10.0,"expense_timestamp":"2025-11-07 17:59:02","updated_at":null},
{"expense_id":319,"user_id":9,"event_id":37,"quantity":1,"total_cost":10.0,"expense_timestamp":"2025-11-07 17:59:02","updated_at":null},
{"expense_id":320,"user_id":10,"event_id":37,"quantity":1,"total_cost":10.0,"expense_timestamp":"2025-11-07 17:59:02","updated_at":null},
{"expense_id":321,"user_id":8,"event_id":95,"quantity":1,"total_cost":23.0,"expense_timestamp":"2025-11-07 18:05:26","updated_at":null},
{"expense_id":322,"user_id":5,"event_id":95,"quantity":1,"total_cost":23.0,"expense_timestamp":"2025-11-07 18:05:26","updated_at":null},
{"expense_id":323,"user_id":4,"event_id":95,"quantity":1,"total_cost":23.0,"expense_timestamp":"2025-11-07 18:05:26","updated_at":null},
{"expense_id":324,"user_id":9,"event_id":95,"quantity":1,"total_cost":23.0,"expense_timestamp":"2025-11-07 18:05:26","updated_at":null},
{"expense_id":325,"user_id":10,"event_id":95,"quantity":1,"total_cost":23.0,"expense_timestamp":"2025-11-07 18:05:26","updated_at":null},
{"expense_id":326,"user_id":2,"event_id":95,"quantity":2,"total_cost":46.0,"expense_timestamp":"2025-11-07 18:05:39","updated_at":null},
{"expense_id":327,"user_id":3,"event_id":95,"quantity":2,"total_cost":46.0,"expense_timestamp":"2025-11-07 18:05:39","updated_at":null},
{"expense_id":328,"user_id":9,"event_id":34,"quantity":1,"total_cost":175.0,"expense_timestamp":"2025-11-07 18:08:41","updated_at":null},
{"expense_id":329,"user_id":9,"event_id":93,"quantity":1,"total_cost":30.0,"expense_timestamp":"2025-11-07 18:11:17","updated_at":null},
{"expense_id":330,"user_id":5,"event_id":98,"quantity":1,"total_cost":100.0,"expense_timestamp":"2025-11-08 03:46:33","updated_at":null},
{"expense_id":331,"user_id":5,"event_id":96,"quantity":1,"total_cost":20.0,"expense_timestamp":"2025-11-08 03:46:45","updated_at":null},
{"expense_id":332,"user_id":9,"event_id":97,"quantity":1,"total_cost":20.0,"expense_timestamp":"2025-11-08 03:46:52","updated_at":null},
{"expense_id":333,"user_id":5,"event_id":39,"quantity":3,"total_cost":36.0,"expense_timestamp":"2025-11-08 03:47:06","updated_at":null},
{"expense_id":334,"user_id":3,"event_id":98,"quantity":1,"total_cost":100.0,"expense_timestamp":"2025-11-08 03:47:10","updated_at":null},
{"expense_id":335,"user_id":9,"event_id":39,"quantity":2,"total_cost":24.0,"expense_timestamp":"2025-11-08 03:47:12","updated_at":null},
{"expense_id":336,"user_id":3,"event_id":96,"quantity":2,"total_cost":40.0,"expense_timestamp":"2025-11-08 03:47:18","updated_at":null},
{"expense_id":337,"user_id":7,"event_id":98,"quantity":1,"total_cost":100.0,"expense_timestamp":"2025-11-08 03:47:21","updated_at":null},
{"expense_id":338,"user_id":7,"event_id":96,"quantity":1,"total_cost":20.0,"expense_timestamp":"2025-11-08 03:47:25","updated_at":null},
{"expense_id":339,"user_id":8,"event_id":96,"quantity":1,"total_cost":20.0,"expense_timestamp":"2025-11-08 03:47:26","updated_at":null},
{"expense_id":340,"user_id":7,"event_id":97,"quantity":1,"total_cost":20.0,"expense_timestamp":"2025-11-08 03:47:29","updated_at":null},
{"expense_id":341,"user_id":3,"event_id":39,"quantity":6,"total_cost":72.0,"expense_timestamp":"2025-11-08 03:47:29","updated_at":null},
{"expense_id":342,"user_id":8,"event_id":39,"quantity":2,"total_cost":24.0,"expense_timestamp":"2025-11-08 03:47:39","updated_at":null},
{"expense_id":343,"user_id":7,"event_id":39,"quantity":5,"total_cost":60.0,"expense_timestamp":"2025-11-08 03:47:41","updated_at":null},
{"expense_id":344,"user_id":7,"event_id":100,"quantity":1,"total_cost":7.0,"expense_timestamp":"2025-11-08 03:47:50","updated_at":null},
{"expense_id":345,"user_id":3,"event_id":101,"quantity":1,"total_cost":25.0,"expense_timestamp":"2025-11-08 03:48:10","updated_at":null},
{"expense_id":346,"user_id":3,"event_id":100,"quantity":1,"total_cost":7.0,"expense_timestamp":"2025-11-08 03:48:12","updated_at":null},
{"expense_id":347,"user_id":10,"event_id":39,"quantity":2,"total_cost":24.0,"expense_timestamp":"2025-11-08 03:48:20","updated_at":null},
{"expense_id":348,"user_id":10,"event_id":96,"quantity":1,"total_cost":20.0,"expense_timestamp":"2025-11-08 03:48:25","updated_at":null},
{"expense_id":349,"user_id":7,"event_id":101,"quantity":1,"total_cost":25.0,"expense_timestamp":"2025-11-08 03:48:31","updated_at":null},
{"expense_id":350,"user_id":2,"event_id":97,"quantity":1,"total_cost":20.0,"expense_timestamp":"2025-11-08 03:48:58","updated_at":null},
{"expense_id":351,"user_id":2,"event_id":101,"quantity":1,"total_cost":25.0,"expense_timestamp":"2025-11-08 03:49:00","updated_at":null},
{"expense_id":352,"user_id":2,"event_id":39,"quantity":3,"total_cost":36.0,"expense_timestamp":"2025-11-08 03:49:10","updated_at":null},
{"expense_id":353,"user_id":8,"event_id":100,"quantity":1,"total_cost":7.0,"expense_timestamp":"2025-11-08 03:50:06","updated_at":null},
{"expense_id":354,"user_id":4,"event_id":101,"quantity":1,"total_cost":25.0,"expense_timestamp":"2025-11-08 03:51:56","updated_at":null},
{"expense_id":355,"user_id":4,"event_id":39,"quantity":1,"total_cost":12.0,"expense_timestamp":"2025-11-08 03:52:01","updated_at":null},
{"expense_id":356,"user_id":4,"event_id":96,"quantity":1,"total_cost":20.0,"expense_timestamp":"2025-11-08 03:52:06","updated_at":null},
{"expense_id":357,"user_id":8,"event_id":99,"quantity":1,"total_cost":40.0,"expense_timestamp":"2025-11-08 03:54:22","updated_at":null},
{"expense_id":358,"user_id":8,"event_id":38,"quantity":1,"total_cost":22.0,"expense_timestamp":"2025-11-08 04:02:41","updated_at":null},
{"expense_id":359,"user_id":5,"event_id":38,"quantity":1,"total_cost":22.0,"expense_timestamp":"2025-11-08 04:02:41","updated_at":null},
{"expense_id":360,"user_id":4,"event_id":38,"quantity":1,"total_cost":22.0,"expense_timestamp":"2025-11-08 04:02:41","updated_at":null},
{"expense_id":361,"user_id":9,"event_id":38,"quantity":1,"total_cost":22.0,"expense_timestamp":"2025-11-08 04:02:41","updated_at":null},
{"expense_id":362,"user_id":10,"event_id":38,"quantity":1,"total_cost":22.0,"expense_timestamp":"2025-11-08 04:02:41","updated_at":null},
{"expense_id":363,"user_id":7,"event_id":38,"quantity":2,"total_cost":44.0,"expense_timestamp":"2025-11-08 04:02:56","updated_at":null},
{"expense_id":364,"user_id":2,"event_id":38,"quantity":2,"total_cost":44.0,"expense_timestamp":"2025-11-08 04:02:56","updated_at":null},
{"expense_id":365,"user_id":3,"event_id":38,"quantity":2,"total_cost":44.0,"expense_timestamp":"2025-11-08 04:02:56","updated_at":null},
{"expense_id":366,"user_id":2,"event_id":96,"quantity":1,"total_cost":20.0,"expense_timestamp":"2025-11-08 04:16:06","updated_at":null},
{"expense_id":367,"user_id":8,"event_id":44,"quantity":1,"total_cost":5.0,"expense_timestamp":"2025-11-08 04:29:32","updated_at":null},
{"expense_id":368,"user_id":5,"event_id":44,"quantity":1,"total_cost":5.0,"expense_timestamp":"2025-11-08 04:29:32","updated_at":null},
{"expense_id":369,"user_id":4,"event_id":44,"quantity":1,"total_cost":5.0,"expense_timestamp":"2025-11-08 04:29:32","updated_at":null},
{"expense_id":370,"user_id":9,"event_id":44,"quantity":1,"total_cost":5.0,"expense_timestamp":"2025-11-08 04:29:32","updated_at":null},
{"expense_id":371,"user_id":10,"event_id":44,"quantity":1,"total_cost":5.0,"expense_timestamp":"2025-11-08 04:29:32","updated_at":null},
{"expense_id":372,"user_id":7,"event_id":44,"quantity":2,"total_cost":10.0,"expense_timestamp":"2025-11-08 04:29:58","updated_at":null},
{"expense_id":373,"user_id":2,"event_id":44,"quantity":2,"total_cost":10.0,"expense_timestamp":"2025-11-08 04:29:58","updated_at":null},
{"expense_id":374,"user_id":3,"event_id":44,"quantity":2,"total_cost":10.0,"expense_timestamp":"2025-11-08 04:29:58","updated_at":null},
{"expense_id":375,"user_id":8,"event_id":45,"quantity":1,"total_cost":100.0,"expense_timestamp":"2025-11-08 04:30:37","updated_at":null},
{"expense_id":376,"user_id":5,"event_id":45,"quantity":1,"total_cost":100.0,"expense_timestamp":"2025-11-08 04:30:37","updated_at":null},
{"expense_id":377,"user_id":4,"event_id":45,"quantity":1,"total_cost":100.0,"expense_timestamp":"2025-11-08 04:30:37","updated_at":null},
{"expense_id":378,"user_id":9,"event_id":45,"quantity":1,"total_cost":100.0,"expense_timestamp":"2025-11-08 04:30:37","updated_at":null},
{"expense_id":379,"user_id":10,"event_id":45,"quantity":1,"total_cost":100.0,"expense_timestamp":"2025-11-08 04:30:37","updated_at":null},
{"expense_id":380,"user_id":7,"event_id":45,"quantity":2,"total_cost":200.0,"expense_timestamp":"2025-11-08 04:30:48","updated_at":null},
{"expense_id":381,"user_id":2,"event_id":45,"quantity":2,"total_cost":200.0,"expense_timestamp":"2025-11-08 04:30:48","updated_at":null},
{"expense_id":382,"user_id":3,"event_id":45,"quantity":2,"total_cost":200.0,"expense_timestamp":"2025-11-08 04:30:48","updated_at":null},
{"expense_id":383,"user_id":8,"event_id":46,"quantity":1,"total_cost":30.0,"expense_timestamp":"2025-11-08 06:49:34","updated_at":null},
{"expense_id":384,"user_id":5,"event_id":46,"quantity":1,"total_cost":30.0,"expense_timestamp":"2025-11-08 06:49:34","updated_at":null},
{"expense_id":385,"user_id":4,"event_id":46,"quantity":1,"total_cost":30.0,"expense_timestamp":"2025-11-08 06:49:34","updated_at":null},
{"expense_id":386,"user_id":9,"event_id":46,"quantity":1,"total_cost":30.0,"expense_timestamp":"2025-11-08 06:49:34","updated_at":null},
{"expense_id":387,"user_id":10,"event_id":46,"quantity":1,"total_cost":30.0,"expense_timestamp":"2025-11-08 06:49:34","updated_at":null},
{"expense_id":388,"user_id":7,"event_id":46,"quantity":2,"total_cost":60.0,"expense_timestamp":"2025-11-08 06:49:45","updated_at":null},
{"expense_id":389,"user_id":2,"event_id":46,"quantity":2,"total_cost":60.0,"expense_timestamp":"2025-11-08 06:49:45","updated_at":null},
{"expense_id":390,"user_id":3,"event_id":46,"quantity":2,"total_cost":60.0,"expense_timestamp":"2025-11-08 06:49:45","updated_at":null},
{"expense_id":391,"user_id":8,"event_id":47,"quantity":1,"total_cost":19.0,"expense_timestamp":"2025-11-08 07:02:11","updated_at":null},
{"expense_id":392,"user_id":5,"event_id":47,"quantity":1,"total_cost":19.0,"expense_timestamp":"2025-11-08 07:02:11","updated_at":null},
{"expense_id":393,"user_id":4,"event_id":47,"quantity":1,"total_cost":19.0,"expense_timestamp":"2025-11-08 07:02:11","updated_at":null},
{"expense_id":394,"user_id":9,"event_id":47,"quantity":1,"total_cost":19.0,"expense_timestamp":"2025-11-08 07:02:11","updated_at":null},
{"expense_id":395,"user_id":10,"event_id":47,"quantity":1,"total_cost":19.0,"expense_timestamp":"2025-11-08 07:02:11","updated_at":null},
{"expense_id":396,"user_id":7,"event_id":47,"quantity":2,"total_cost":38.0,"expense_timestamp":"2025-11-08 07:02:22","updated_at":null},
{"expense_id":397,"user_id":2,"event_id":47,"quantity":2,"total_cost":38.0,"expense_timestamp":"2025-11-08 07:02:22","updated_at":null},
{"expense_id":398,"user_id":3,"event_id":47,"quantity":2,"total_cost":38.0,"expense_timestamp":"2025-11-08 07:02:22","updated_at":null},
{"expense_id":399,"user_id":8,"event_id":50,"quantity":1,"total_cost":46.0,"expense_timestamp":"2025-11-08 07:30:57","updated_at":null},
{"expense_id":400,"user_id":5,"event_id":50,"quantity":1,"total_cost":46.0,"expense_timestamp":"2025-11-08 07:30:57","updated_at":null},
{"expense_id":401,"user_id":4,"event_id":50,"quantity":1,"total_cost":46.0,"expense_timestamp":"2025-11-08 07:30:57","updated_at":null},
{"expense_id":402,"user_id":9,"event_id":50,"quantity":1,"total_cost":46.0,"expense_timestamp":"2025-11-08 07:30:57","updated_at":null},
{"expense_id":403,"user_id":10,"event_id":50,"quantity":1,"total_cost":46.0,"expense_timestamp":"2025-11-08 07:30:57","updated_at":null},
{"expense_id":404,"user_id":2,"event_id":50,"quantity":2,"total_cost":92.0,"expense_timestamp":"2025-11-08 07:31:08","updated_at":null},
{"expense_id":405,"user_id":7,"event_id":50,"quantity":2,"total_cost":92.0,"expense_timestamp":"2025-11-08 07:31:08","updated_at":null},
{"expense_id":406,"user_id":3,"event_id":50,"quantity":2,"total_cost":92.0,"expense_timestamp":"2025-11-08 07:31:08","updated_at":null},
{"expense_id":407,"user_id":3,"event_id":106,"quantity":1,"total_cost":130.0,"expense_timestamp":"2025-11-08 08:06:47","updated_at":null},
{"expense_id":408,"user_id":3,"event_id":107,"quantity":1,"total_cost":130.0,"expense_timestamp":"2025-11-08 08:06:51","updated_at":null},
{"expense_id":409,"user_id":3,"event_id":111,"quantity":1,"total_cost":150.0,"expense_timestamp":"2025-11-08 08:07:18","updated_at":null},
{"expense_id":410,"user_id":3,"event_id":48,"quantity":1,"total_cost":30.0,"expense_timestamp":"2025-11-08 08:07:28","updated_at":null},
{"expense_id":411,"user_id":3,"event_id":102,"quantity":1,"total_cost":10.0,"expense_timestamp":"2025-11-08 08:07:34","updated_at":null},
{"expense_id":412,"user_id":3,"event_id":49,"quantity":2,"total_cost":40.0,"expense_timestamp":"2025-11-08 08:07:38","updated_at":null},
{"expense_id":413,"user_id":5,"event_id":102,"quantity":2,"total_cost":20.0,"expense_timestamp":"2025-11-08 08:08:51","updated_at":null},
{"expense_id":414,"user_id":5,"event_id":49,"quantity":2,"total_cost":40.0,"expense_timestamp":"2025-11-08 08:08:57","updated_at":null},
{"expense_id":415,"user_id":5,"event_id":103,"quantity":2,"total_cost":280.0,"expense_timestamp":"2025-11-08 08:09:28","updated_at":null},
{"expense_id":416,"user_id":10,"event_id":48,"quantity":1,"total_cost":30.0,"expense_timestamp":"2025-11-08 08:10:54","updated_at":null},
{"expense_id":417,"user_id":10,"event_id":103,"quantity":1,"total_cost":140.0,"expense_timestamp":"2025-11-08 08:10:58","updated_at":null},
{"expense_id":418,"user_id":10,"event_id":49,"quantity":1,"total_cost":20.0,"expense_timestamp":"2025-11-08 08:11:03","updated_at":null},
{"expense_id":419,"user_id":10,"event_id":102,"quantity":1,"total_cost":10.0,"expense_timestamp":"2025-11-08 08:11:05","updated_at":null},
{"expense_id":420,"user_id":8,"event_id":102,"quantity":1,"total_cost":10.0,"expense_timestamp":"2025-11-08 08:11:58","updated_at":null},
{"expense_id":421,"user_id":8,"event_id":49,"quantity":1,"total_cost":20.0,"expense_timestamp":"2025-11-08 08:12:00","updated_at":null},
{"expense_id":422,"user_id":8,"event_id":103,"quantity":1,"total_cost":140.0,"expense_timestamp":"2025-11-08 08:12:05","updated_at":null},
{"expense_id":423,"user_id":8,"event_id":48,"quantity":1,"total_cost":30.0,"expense_timestamp":"2025-11-08 08:12:08","updated_at":null},
{"expense_id":424,"user_id":7,"event_id":48,"quantity":1,"total_cost":30.0,"expense_timestamp":"2025-11-08 08:13:59","updated_at":null},
{"expense_id":425,"user_id":7,"event_id":106,"quantity":1,"total_cost":130.0,"expense_timestamp":"2025-11-08 08:14:02","updated_at":null},
{"expense_id":426,"user_id":7,"event_id":103,"quantity":1,"total_cost":140.0,"expense_timestamp":"2025-11-08 08:14:06","updated_at":null},
{"expense_id":427,"user_id":7,"event_id":110,"quantity":1,"total_cost":30.0,"expense_timestamp":"2025-11-08 08:14:09","updated_at":null},
{"expense_id":428,"user_id":7,"event_id":49,"quantity":2,"total_cost":40.0,"expense_timestamp":"2025-11-08 08:14:17","updated_at":null},
{"expense_id":429,"user_id":7,"event_id":102,"quantity":1,"total_cost":10.0,"expense_timestamp":"2025-11-08 08:14:20","updated_at":null},
{"expense_id":430,"user_id":5,"event_id":106,"quantity":1,"total_cost":130.0,"expense_timestamp":"2025-11-08 08:14:27","updated_at":null},
{"expense_id":431,"user_id":2,"event_id":49,"quantity":2,"total_cost":40.0,"expense_timestamp":"2025-11-08 08:14:45","updated_at":null},
{"expense_id":432,"user_id":2,"event_id":102,"quantity":1,"total_cost":10.0,"expense_timestamp":"2025-11-08 08:14:47","updated_at":null},
{"expense_id":433,"user_id":2,"event_id":105,"quantity":1,"total_cost":150.0,"expense_timestamp":"2025-11-08 08:14:51","updated_at":null},
{"expense_id":434,"user_id":2,"event_id":108,"quantity":1,"total_cost":30.0,"expense_timestamp":"2025-11-08 08:14:53","updated_at":null},
{"expense_id":435,"user_id":2,"event_id":48,"quantity":2,"total_cost":60.0,"expense_timestamp":"2025-11-08 08:15:00","updated_at":null},
{"expense_id":436,"user_id":4,"event_id":49,"quantity":1,"total_cost":20.0,"expense_timestamp":"2025-11-08 08:17:25","updated_at":null},
{"expense_id":437,"user_id":4,"event_id":109,"quantity":1,"total_cost":10.0,"expense_timestamp":"2025-11-08 08:17:29","updated_at":null},
{"expense_id":438,"user_id":3,"event_id":51,"quantity":1,"total_cost":7.0,"expense_timestamp":"2025-11-08 08:59:29","updated_at":null},
{"expense_id":440,"user_id":5,"event_id":51,"quantity":1,"total_cost":7.0,"expense_timestamp":"2025-11-08 08:59:29","updated_at":null},
{"expense_id":441,"user_id":9,"event_id":51,"quantity":1,"total_cost":7.0,"expense_timestamp":"2025-11-08 08:59:29","updated_at":null},
{"expense_id":442,"user_id":2,"event_id":51,"quantity":1,"total_cost":7.0,"expense_timestamp":"2025-11-08 08:59:29","updated_at":null},
{"expense_id":443,"user_id":10,"event_id":51,"quantity":1,"total_cost":7.0,"expense_timestamp":"2025-11-08 08:59:29","updated_at":null},
{"expense_id":444,"user_id":7,"event_id":51,"quantity":2,"total_cost":14.0,"expense_timestamp":"2025-11-08 08:59:40","updated_at":null},
{"expense_id":445,"user_id":8,"event_id":52,"quantity":1,"total_cost":100.0,"expense_timestamp":"2025-11-08 09:22:18","updated_at":null},
{"expense_id":446,"user_id":5,"event_id":52,"quantity":1,"total_cost":100.0,"expense_timestamp":"2025-11-08 09:22:18","updated_at":null},
{"expense_id":447,"user_id":4,"event_id":52,"quantity":1,"total_cost":100.0,"expense_timestamp":"2025-11-08 09:22:18","updated_at":null},
{"expense_id":448,"user_id":9,"event_id":52,"quantity":1,"total_cost":100.0,"expense_timestamp":"2025-11-08 09:22:18","updated_at":null},
{"expense_id":449,"user_id":10,"event_id":52,"quantity":1,"total_cost":100.0,"expense_timestamp":"2025-11-08 09:22:18","updated_at":null},
{"expense_id":450,"user_id":7,"event_id":52,"quantity":2,"total_cost":200.0,"expense_timestamp":"2025-11-08 09:22:29","updated_at":null},
{"expense_id":451,"user_id":2,"event_id":52,"quantity":2,"total_cost":200.0,"expense_timestamp":"2025-11-08 09:22:29","updated_at":null},
{"expense_id":452,"user_id":3,"event_id":52,"quantity":2,"total_cost":200.0,"expense_timestamp":"2025-11-08 09:22:29","updated_at":null},
{"expense_id":453,"user_id":2,"event_id":107,"quantity":1,"total_cost":130.0,"expense_timestamp":"2025-11-08 09:29:38","updated_at":null},
{"expense_id":454,"user_id":8,"event_id":55,"quantity":4,"total_cost":8.0,"expense_timestamp":"2025-11-08 14:58:03","updated_at":null},
{"expense_id":455,"user_id":5,"event_id":55,"quantity":4,"total_cost":8.0,"expense_timestamp":"2025-11-08 14:58:03","updated_at":null},
{"expense_id":457,"user_id":9,"event_id":55,"quantity":4,"total_cost":8.0,"expense_timestamp":"2025-11-08 14:58:03","updated_at":null},
{"expense_id":458,"user_id":10,"event_id":55,"quantity":4,"total_cost":8.0,"expense_timestamp":"2025-11-08 14:58:03","updated_at":null},
{"expense_id":459,"user_id":7,"event_id":55,"quantity":8,"total_cost":16.0,"expense_timestamp":"2025-11-08 14:58:17","updated_at":null},
{"expense_id":460,"user_id":2,"event_id":55,"quantity":8,"total_cost":16.0,"expense_timestamp":"2025-11-08 14:58:17","updated_at":null},
{"expense_id":461,"user_id":3,"event_id":55,"quantity":8,"total_cost":16.0,"expense_timestamp":"2025-11-08 14:58:17","updated_at":null},
{"expense_id":462,"user_id":8,"event_id":112,"quantity":1,"total_cost":8.0,"expense_timestamp":"2025-11-08 15:10:14","updated_at":null},
{"expense_id":463,"user_id":9,"event_id":112,"quantity":1,"total_cost":8.0,"expense_timestamp":"2025-11-08 15:10:14","updated_at":null},
{"expense_id":464,"user_id":10,"event_id":112,"quantity":1,"total_cost":8.0,"expense_timestamp":"2025-11-08 15:10:14","updated_at":null},
{"expense_id":465,"user_id":5,"event_id":112,"quantity":1,"total_cost":8.0,"expense_timestamp":"2025-11-08 15:10:14","updated_at":null},
{"expense_id":466,"user_id":3,"event_id":112,"quantity":2,"total_cost":16.0,"expense_timestamp":"2025-11-08 15:10:24","updated_at":null},
{"expense_id":467,"user_id":7,"event_id":112,"quantity":2,"total_cost":16.0,"expense_timestamp":"2025-11-08 15:10:24","updated_at":null},
{"expense_id":468,"user_id":2,"event_id":112,"quantity":2,"total_cost":16.0,"expense_timestamp":"2025-11-08 15:10:24","updated_at":null},
{"expense_id":469,"user_id":10,"event_id":41,"quantity":1,"total_cost":20.0,"expense_timestamp":"2025-11-08 15:43:09","updated_at":null},
{"expense_id":470,"user_id":10,"event_id":42,"quantity":1,"total_cost":20.0,"expense_timestamp":"2025-11-08 15:43:11","updated_at":null},
{"expense_id":471,"user_id":5,"event_id":41,"quantity":1,"total_cost":20.0,"expense_timestamp":"2025-11-08 15:43:12","updated_at":null},
{"expense_id":472,"user_id":5,"event_id":42,"quantity":1,"total_cost":20.0,"expense_timestamp":"2025-11-08 15:43:15","updated_at":null},
{"expense_id":473,"user_id":9,"event_id":41,"quantity":1,"total_cost":20.0,"expense_timestamp":"2025-11-08 15:43:47","updated_at":null},
{"expense_id":474,"user_id":8,"event_id":41,"quantity":1,"total_cost":20.0,"expense_timestamp":"2025-11-08 15:43:51","updated_at":null},
{"expense_id":475,"user_id":9,"event_id":42,"quantity":1,"total_cost":20.0,"expense_timestamp":"2025-11-08 15:43:51","updated_at":null},
{"expense_id":476,"user_id":9,"event_id":43,"quantity":1,"total_cost":25.0,"expense_timestamp":"2025-11-08 15:43:57","updated_at":null},
{"expense_id":477,"user_id":8,"event_id":42,"quantity":1,"total_cost":20.0,"expense_timestamp":"2025-11-08 15:43:57","updated_at":null},
{"expense_id":478,"user_id":8,"event_id":56,"quantity":1,"total_cost":10.0,"expense_timestamp":"2025-11-08 15:44:59","updated_at":null},
{"expense_id":479,"user_id":5,"event_id":56,"quantity":1,"total_cost":10.0,"expense_timestamp":"2025-11-08 15:44:59","updated_at":null},
{"expense_id":480,"user_id":9,"event_id":56,"quantity":1,"total_cost":10.0,"expense_timestamp":"2025-11-08 15:44:59","updated_at":null},
{"expense_id":481,"user_id":10,"event_id":56,"quantity":1,"total_cost":10.0,"expense_timestamp":"2025-11-08 15:44:59","updated_at":null},
{"expense_id":482,"user_id":3,"event_id":56,"quantity":2,"total_cost":20.0,"expense_timestamp":"2025-11-08 15:45:10","updated_at":"2025-11-08 15:45:49"},
{"expense_id":483,"user_id":2,"event_id":56,"quantity":2,"total_cost":20.0,"expense_timestamp":"2025-11-08 15:45:10","updated_at":null},
{"expense_id":484,"user_id":7,"event_id":113,"quantity":1,"total_cost":60.0,"expense_timestamp":"2025-11-08 15:45:32","updated_at":null},
{"expense_id":485,"user_id":7,"event_id":114,"quantity":1,"total_cost":15.0,"expense_timestamp":"2025-11-08 15:45:42","updated_at":null},
{"expense_id":486,"user_id":7,"event_id":41,"quantity":2,"total_cost":40.0,"expense_timestamp":"2025-11-08 15:58:28","updated_at":null},
{"expense_id":487,"user_id":7,"event_id":42,"quantity":2,"total_cost":40.0,"expense_timestamp":"2025-11-08 15:58:35","updated_at":null},
{"expense_id":488,"user_id":7,"event_id":43,"quantity":1,"total_cost":25.0,"expense_timestamp":"2025-11-08 15:58:41","updated_at":null},
{"expense_id":489,"user_id":8,"event_id":115,"quantity":1,"total_cost":22.0,"expense_timestamp":"2025-11-08 17:08:00","updated_at":null},
{"expense_id":490,"user_id":5,"event_id":115,"quantity":1,"total_cost":22.0,"expense_timestamp":"2025-11-08 17:08:00","updated_at":null},
{"expense_id":491,"user_id":9,"event_id":115,"quantity":1,"total_cost":22.0,"expense_timestamp":"2025-11-08 17:08:00","updated_at":null},
{"expense_id":492,"user_id":10,"event_id":115,"quantity":1,"total_cost":22.0,"expense_timestamp":"2025-11-08 17:08:00","updated_at":null},
{"expense_id":493,"user_id":7,"event_id":115,"quantity":2,"total_cost":44.0,"expense_timestamp":"2025-11-08 17:08:09","updated_at":null},
{"expense_id":494,"user_id":5,"event_id":69,"quantity":1,"total_cost":650.0,"expense_timestamp":"2025-11-08 17:13:01","updated_at":null},
{"expense_id":495,"user_id":9,"event_id":69,"quantity":1,"total_cost":650.0,"expense_timestamp":"2025-11-08 17:13:01","updated_at":null},
{"expense_id":496,"user_id":10,"event_id":69,"quantity":1,"total_cost":650.0,"expense_timestamp":"2025-11-08 17:13:01","updated_at":null},
{"expense_id":497,"user_id":3,"event_id":69,"quantity":2,"total_cost":1300.0,"expense_timestamp":"2025-11-08 17:13:12","updated_at":null},
{"expense_id":498,"user_id":2,"event_id":69,"quantity":2,"total_cost":1300.0,"expense_timestamp":"2025-11-08 17:13:12","updated_at":null}]
