[{"location_id":3,"day_id":2,"location_name":"খুলনা অভিমুখে যাত্রা","address":null,"latitude":23.715986965163764921,"longitude":90.429396609578233779,"start_time":"14:00","end_time":"18:00","reminder_minutes":30,"order_in_day":1,"description":"মানিকনগর থেকে সোনাডাঙ্গা। বিকেলে মানিকনগর থেকে খুলনার উদ্দেশ্যে বাসে যাত্রা শুরু হবে। প্রায় সাড়ে পাঁচ ঘণ্টার পথে দৃশ্য উপভোগের মাঝে খুলনার সোনাডাঙ্গা বাসস্ট্যান্ডে পৌঁছানো হবে।"},
{"location_id":4,"day_id":2,"location_name":"হোটেল সিটিজেন","address":null,"latitude":22.818031649078662326,"longitude":89.546052217483520508,"start_time":"18:00","end_time":"20:00","reminder_minutes":15,"order_in_day":2,"description":"খুলনায় পৌঁছে হোটেল সিটিজেনে প্রবেশ ও চেক ইন সম্পন্ন করা হবে। সামান্য বিশ্রামের মাধ্যমে দীর্ঘ ভ্রমণের ক্লান্তি দূর হবে।"},
{"location_id":5,"day_id":2,"location_name":"চাইনিজ প্যালেস","address":null,"latitude":22.8099395628640913,"longitude":89.566158056259155273,"start_time":"22:00","end_time":"23:30","reminder_minutes":15,"order_in_day":4,"description":"রাতের প্রথম খাবার হিসেবে জনপ্রিয় রেস্টুরেন্ট চাইনিজ প্যালেস-এ ফিস ফিঙ্গার ও প্রন চপ উপভোগ করা হবে, যা ভ্রমণের প্রথম দিনের রসনাসুখের সূচনা করবে।"},
{"location_id":6,"day_id":2,"location_name":"নিউ মার্কেট","address":null,"latitude":22.825020668660755518,"longitude":89.550418853759765625,"start_time":"20:00","end_time":"22:00","reminder_minutes":15,"order_in_day":3,"description":"খুলনার প্রাণকেন্দ্র নিউ মার্কেটে রফিক মামার বিফ শিক কাবাব, ভুড়ি ভুনা, লুচি, ডিম ঘুটা, সোহাগ হালিম, মামা নাগা ফুচকা এবং কচি ডাব মাখার মতো সুস্বাদু খাবার উপভোগ করা হবে। একই সঙ্গে রাতের খুলনা শহরের সরব পরিবেশ উপভোগ করা যাবে।"},
{"location_id":7,"day_id":3,"location_name":"মাসির হোটেল","address":null,"latitude":22.811929870016115274,"longitude":89.566341787576675415,"start_time":"09:00","end_time":"09:45","reminder_minutes":15,"order_in_day":1,"description":"সকালের সূচনা হবে মাসির হোটেলে নাস্তা দিয়ে। এরপর কাছাকাছি মহেন্দ্র ঘোষের বাড়ি ভ্রমণ"},
{"location_id":8,"day_id":3,"location_name":"ডিলাক্স হোটেল","address":null,"latitude":22.815067326212769672,"longitude":89.562048912048339844,"start_time":"09:45","end_time":"10:30","reminder_minutes":0,"order_in_day":2,"description":"নাস্তাপরবর্তী সময়ে জনপ্রিয় ডিলাক্স হোটেল-এ গিয়ে ঠান্ডা ও মিষ্টি ফালুদা খাওয়া হবে, যা দিনের শুরুতে এক প্রশান্ত স্বাদ এনে দেবে।"},
{"location_id":9,"day_id":3,"location_name":"খুলনা বিশ্ববিদ্যালয়","address":null,"latitude":22.802215412295772978,"longitude":89.533896446228027344,"start_time":"10:30","end_time":"11:30","reminder_minutes":0,"order_in_day":3,"description":"যাত্রা হবে খুলনা বিশ্ববিদ্যালয়ের পথে। সুন্দর সবুজ ক্যাম্পাস, স্থাপত্য আর শিক্ষার্থীদের প্রাণবন্ত পরিবেশ উপভোগ করা হবে সংক্ষিপ্ত ভ্রমণে।"},
{"location_id":10,"day_id":3,"location_name":"KUET","address":null,"latitude":22.900569137420777821,"longitude":89.502353668212890625,"start_time":"11:30","end_time":"13:00","reminder_minutes":0,"order_in_day":4,"description":"খুলনা প্রকৌশল ও প্রযুক্তি বিশ্ববিদ্যালয় (KUET) ভ্রমণ করা হবে। প্রযুক্তিনির্ভর এই শিক্ষাঙ্গনের পরিবেশ ও ক্যাম্পাসের সৌন্দর্য দেখার সুযোগ মিলবে।"},
{"location_id":11,"day_id":3,"location_name":"জবেদ হোটেল","address":null,"latitude":22.820491567770726959,"longitude":89.558529853820800781,"start_time":"13:00","end_time":"14:30","reminder_minutes":0,"order_in_day":5,"description":"দুপুরে শহরের পরিচিত জবেদ হোটেল-এ খাওয়া হবে সুস্বাদু নল্লি গোস্তের খাবার, যা খুলনার খাবার তালিকায় অন্যতম আকর্ষণ।"},
{"location_id":12,"day_id":3,"location_name":"হোটেল সিটিজেন","address":null,"latitude":22.818031649078662326,"longitude":89.546053558588027954,"start_time":"14:30","end_time":"16:30","reminder_minutes":0,"order_in_day":6,"description":"খাবার শেষে হোটেল সিটিজেনে ফিরে কিছু সময় বিশ্রাম নেওয়া হবে, যাতে বিকেলের ভ্রমণের জন্য নতুন উদ্যমে প্রস্তুত হওয়া যায়।"},
{"location_id":14,"day_id":3,"location_name":"রূপসা ঘাট","address":null,"latitude":22.801685910031274318,"longitude":89.580614961982305999,"start_time":"18:00","end_time":"21:00","reminder_minutes":0,"order_in_day":8,"description":"সন্ধ্যার পরে রূপসা ঘাটের নানা স্থানীয় খাবার আস্বাদন করা হবে।"},
{"location_id":15,"day_id":3,"location_name":"শহীদ হাদীস পার্ক","address":null,"latitude":22.8161601032847976,"longitude":89.565385580062866211,"start_time":"21:00","end_time":"22:00","reminder_minutes":0,"order_in_day":9,"description":"রূপসা ঘাট থেকে ফিরে শহীদ হাদীস পার্কে এক শান্তিপূর্ণ ভ্রমণ, শহরের রাত্রিকালীন পরিবেশে হাঁটাহাঁটি ও বিশ্রামের সময় কাটবে।"},
{"location_id":16,"day_id":3,"location_name":"কামরুল হোটেল","address":null,"latitude":22.815635966959799674,"longitude":89.543069601058959961,"start_time":"22:00","end_time":"23:30","reminder_minutes":15,"order_in_day":10,"description":"রাতের খাবারে খুলনার বিখ্যাত আব্বাস হোটেল-এ পরিবেশিত হবে আসল চুই গোস্ত, যার স্বাদ খুলনা সফরের অন্যতম স্মৃতি হয়ে থাকবে।"},
{"location_id":17,"day_id":3,"location_name":"হোটেল সিটিজেন","address":null,"latitude":22.818031649078662326,"longitude":89.546053558588027954,"start_time":"23:30","end_time":null,"reminder_minutes":0,"order_in_day":11,"description":"দিনশেষে হোটেল সিটিজেনে ফিরে বিশ্রাম নেওয়া হবে, যাতে পরের দিনের বাগেরহাট ভ্রমণের জন্য শরীর ও মন প্রস্তুত থাকে।"},
{"location_id":18,"day_id":4,"location_name":"রহমানিয়া হোটেল","address":null,"latitude":22.816153922443653812,"longitude":89.562119990587234497,"start_time":"09:00","end_time":"09:45","reminder_minutes":15,"order_in_day":1,"description":"সকালের নাস্তা ও দিনের যাত্রার প্রস্তুতি।"},
{"location_id":19,"day_id":4,"location_name":"ইন্দ্রমোহন মিষ্টি","address":null,"latitude":22.818528580958936658,"longitude":89.564017653465270996,"start_time":"09:45","end_time":"10:30","reminder_minutes":0,"order_in_day":2,"description":"ঐতিহ্যবাহী ১৩০ বছরের পুরাতন মিষ্টির স্বাদ।"},
{"location_id":20,"day_id":4,"location_name":"সোনাডাঙ্গা","address":null,"latitude":22.816169992630019436,"longitude":89.541803598403930664,"start_time":"10:30","end_time":"12:00","reminder_minutes":0,"order_in_day":3,"description":"সোনাডাঙ্গা থেকে ষাটগম্বুজ মসজিদ"},
{"location_id":21,"day_id":4,"location_name":"ষাটগম্বুজ মসজিদ","address":null,"latitude":22.674530564372915364,"longitude":89.7418212890625,"start_time":"12:00","end_time":"12:45","reminder_minutes":0,"order_in_day":4,"description":"প্রাচীন স্থাপত্যের অনন্য সৌন্দর্য উপভোগ।"},
{"location_id":22,"day_id":4,"location_name":"খান জাহান আলী মাজার","address":null,"latitude":22.658472474260385354,"longitude":89.758536815643310547,"start_time":"12:45","end_time":"13:30","reminder_minutes":0,"order_in_day":5,"description":"ইতিহাসের ছোঁয়া এবং কুমির দর্শন।"},
{"location_id":23,"day_id":4,"location_name":"রবি ভাইয়ের মেজবান হোটেল","address":null,"latitude":22.66589412943286419,"longitude":89.757477343082427979,"start_time":"13:30","end_time":"14:30","reminder_minutes":0,"order_in_day":6,"description":"দুপুরের খাবার, স্থানীয় রান্নার স্বাদ।"},
{"location_id":24,"day_id":4,"location_name":"ভৈরব নদী ভ্রমণ","address":null,"latitude":22.66106644839316786,"longitude":89.795293807983398438,"start_time":"14:30","end_time":"15:30","reminder_minutes":0,"order_in_day":7,"description":"নদীর ধারে হালকা ভ্রমণ ও চা পান।"},
{"location_id":25,"day_id":4,"location_name":"বাগেরহাট বাস স্ট্যান্ড","address":null,"latitude":22.646798984025476642,"longitude":89.793416261672973633,"start_time":"15:30","end_time":"16:30","reminder_minutes":0,"order_in_day":8,"description":"বাগেরহাট থেকে সোনাডাঙ্গা"},
{"location_id":26,"day_id":4,"location_name":"হোটেল সিটিজেন","address":null,"latitude":null,"longitude":null,"start_time":"16:30","end_time":"19:30","reminder_minutes":0,"order_in_day":9,"description":"হোটেলে দুপুরের বিশ্রাম"},
{"location_id":27,"day_id":4,"location_name":"গোলামের পুরি","address":null,"latitude":22.817972313807583618,"longitude":89.558057785034179688,"start_time":"19:30","end_time":"20:30","reminder_minutes":15,"order_in_day":10,"description":"সন্ধ্যার হালকা খাবার এবং স্থানীয় স্বাদ।"},
{"location_id":28,"day_id":4,"location_name":"বেল্লাল ভাইয়ের চা","address":null,"latitude":22.817212078359400351,"longitude":89.553723335266113281,"start_time":"20:30","end_time":"21:15","reminder_minutes":0,"order_in_day":11,"description":"চায়ের মাঝে দিনের গল্প ও নেশা।"},
{"location_id":30,"day_id":4,"location_name":"সাত রাস্তার মোড়","address":null,"latitude":null,"longitude":null,"start_time":"22:30","end_time":"23:30","reminder_minutes":0,"order_in_day":13,"description":"ভ্রমণ এবং চা পান"},
{"location_id":31,"day_id":4,"location_name":"হোটেল সিটিজেন","address":null,"latitude":null,"longitude":null,"start_time":"23:30","end_time":null,"reminder_minutes":0,"order_in_day":14,"description":"দিনের শেষে বিশ্রাম ও যাত্রার সমাপ্তি।"},
{"location_id":32,"day_id":5,"location_name":"রহমানিয়া হোটেল","address":null,"latitude":null,"longitude":null,"start_time":"10:00","end_time":"11:00","reminder_minutes":15,"order_in_day":1,"description":"সকালের নাস্তা"},
{"location_id":33,"day_id":5,"location_name":"হোটেল সিটিজেন","address":null,"latitude":null,"longitude":null,"start_time":"11:00","end_time":"12:01","reminder_minutes":15,"order_in_day":2,"description":"হোটেলে বিশ্রাম"},
{"location_id":34,"day_id":5,"location_name":"দুপুরের খাবার","address":null,"latitude":null,"longitude":null,"start_time":"12:01","end_time":"13:00","reminder_minutes":0,"order_in_day":3,"description":null},
{"location_id":35,"day_id":5,"location_name":"সোনাডাঙ্গা","address":null,"latitude":null,"longitude":null,"start_time":"13:00","end_time":"16:30","reminder_minutes":0,"order_in_day":4,"description":"সোনাডাঙ্গা থেকে মানিকনগর "},
{"location_id":36,"day_id":3,"location_name":"7 no ঘাট","address":null,"latitude":null,"longitude":null,"start_time":null,"end_time":null,"reminder_minutes":0,"order_in_day":12,"description":null}]
