[{"token_id":1,"user_id":2,"token":"{\"endpoint\":\"https://fcm.googleapis.com/fcm/send/fhanSmz-KdI:APA91bFIU8RCchTXVcG8jyf67lZXMgL1-GCwhaT10BliClj4D_kps63H1f3uZoLYujI2efq6M7RfGZoEa8CtzE_nOoM4VVlCTZ93sZphzUzi0skVsMCMAHgWrP3-_tFIt-7E5JdCb4Q9\",\"expirationTime\":null,\"keys\":{\"p256dh\":\"BK4zkkaGRiTmQiGBuzLwHaTM_HqC3BIdye3Edmti3y4dPvicb4i44iM_teEPmDbWclNRfIHelFHgnQQ1DPmad2w\",\"auth\":\"6HGhJoi9IyV82_Ob_ILSFg\"}}","created_at":"2025-11-03 09:12:25","endpoint":"https://fcm.googleapis.com/fcm/send/fhanSmz-KdI:APA91bFIU8RCchTXVcG8jyf67lZXMgL1-GCwhaT10BliClj4D_kps63H1f3uZoLYujI2efq6M7RfGZoEa8CtzE_nOoM4VVlCTZ93sZphzUzi0skVsMCMAHgWrP3-_tFIt-7E5JdCb4Q9"},
{"token_id":11,"user_id":2,"token":"{\"endpoint\":\"https://fcm.googleapis.com/fcm/send/e1ex7R7SWFw:APA91bGlT4WLw9ru2oeQ_fohaQ8_b_Yw7b8oBxsKoEb91PBqiTjfgMWPSbP73uEdCPen9EHqva-FjTtltQfslmro0zxWZLkFbl4KUZCHuF9FjD9_Q76jCHsPqQ3RokhPpkKUs7BLvUxa\",\"expirationTime\":null,\"keys\":{\"p256dh\":\"BGnAF7GTOCoYY8ZxGDBdX8lncJ2kO3M4lwommVv8yGcJ0h3FkVEEI1UOl-WstuCg_2F6EQH9zvGG-VQn7IQOmvE\",\"auth\":\"MZ8UF4Ljmb1tlcCy7O9yUQ\"}}","created_at":"2025-11-03 09:50:03","endpoint":"https://fcm.googleapis.com/fcm/send/e1ex7R7SWFw:APA91bGlT4WLw9ru2oeQ_fohaQ8_b_Yw7b8oBxsKoEb91PBqiTjfgMWPSbP73uEdCPen9EHqva-FjTtltQfslmro0zxWZLkFbl4KUZCHuF9FjD9_Q76jCHsPqQ3RokhPpkKUs7BLvUxa"},
{"token_id":17,"user_id":2,"token":"{\"endpoint\":\"https://fcm.googleapis.com/fcm/send/ffxCKQo32CE:APA91bHtuvLUuF5Mf88UwqecI52CLURnmBwvgVuMEXaLUQ1FgiZKRsE03c7zu6SLMOHI1XIL5duyoEnXXL5scsgy7COZh7pu5uyacKXQr9b1uR6l6VhTfdij_Fi9cyzFGJ4vuvHTf8mu\",\"expirationTime\":null,\"keys\":{\"p256dh\":\"BAGF4pDiBRMty0TZMexSNgc6oRAvghx7YP_soyf9A7bRBAV0yFVcIEYBeLdMhDWh8IqJME4XkR1iv86h0QDDY4M\",\"auth\":\"l1hgD8F2fqsDpUzT-3FAHg\"}}","created_at":"2025-11-03 10:01:01","endpoint":"https://fcm.googleapis.com/fcm/send/ffxCKQo32CE:APA91bHtuvLUuF5Mf88UwqecI52CLURnmBwvgVuMEXaLUQ1FgiZKRsE03c7zu6SLMOHI1XIL5duyoEnXXL5scsgy7COZh7pu5uyacKXQr9b1uR6l6VhTfdij_Fi9cyzFGJ4vuvHTf8mu"},
{"token_id":22,"user_id":1,"token":"{\"endpoint\":\"https://fcm.googleapis.com/fcm/send/dLpmA232UPg:APA91bEOhbzkjTCGQjz_E_P4YYnYOGQKxKNwWo8UBkc3MALom5iMBdrdxELsGL8Mkp2J28VRTOdpzGFbbHGruxlygKiSmfSdylOYB0-rRcq6vJOOyRdW7UE7uEuT24G1qyt1VRBfQdml\",\"expirationTime\":null,\"keys\":{\"p256dh\":\"BKx5x4jJQc6iE4QkhjhUMMxZuBLRmu6ciJakpShi6yjVXGZDT_WdsApNqc0g1Bw6f1boPxH_2kw1lwvp6eBe_V4\",\"auth\":\"5-N6ujikgODy2HtyuIs6xw\"}}","created_at":"2025-11-03 10:13:13","endpoint":"https://fcm.googleapis.com/fcm/send/dLpmA232UPg:APA91bEOhbzkjTCGQjz_E_P4YYnYOGQKxKNwWo8UBkc3MALom5iMBdrdxELsGL8Mkp2J28VRTOdpzGFbbHGruxlygKiSmfSdylOYB0-rRcq6vJOOyRdW7UE7uEuT24G1qyt1VRBfQdml"},
{"token_id":27,"user_id":1,"token":"{\"endpoint\":\"https://fcm.googleapis.com/fcm/send/eKsQAHk6jxU:APA91bGMgaWFLt447pO57PBeRO1EbG8gX6yReD6lG7cF8S31eRw1bd1eouOEuv6_e0UPxu2vz7Ns3fHl-bnmSnwKHegUD_HfSZUYiT3DU2HjZnkzeOGgrBemTiOsaM9KaOClrX8vniL8\",\"expirationTime\":null,\"keys\":{\"p256dh\":\"BLi7_RQtUS8azZO__hV4NsVBalqAIsL9c2FPzYBOZxFY2s4A_ENbFSgBfFtpLjr-EZ-GOmNzuU6p3LTfvHwzOMQ\",\"auth\":\"h-aulKdoNdtN6_lCgDwNCg\"}}","created_at":"2025-11-03 10:30:21","endpoint":"https://fcm.googleapis.com/fcm/send/eKsQAHk6jxU:APA91bGMgaWFLt447pO57PBeRO1EbG8gX6yReD6lG7cF8S31eRw1bd1eouOEuv6_e0UPxu2vz7Ns3fHl-bnmSnwKHegUD_HfSZUYiT3DU2HjZnkzeOGgrBemTiOsaM9KaOClrX8vniL8"},
{"token_id":36,"user_id":2,"token":"{\"endpoint\":\"https://fcm.googleapis.com/fcm/send/e2lOFCXwxE8:APA91bEE54CFEJhSpSOB9Yb-NL4nx70_tsqh4DahNLL6M-3z-bgSSPlaMFZWz3Ty246LtwyQlCl6GucP3lw4Vk5gdGh5cbGr-ca2o4FCzSJIbsVp9LLFEjSTjgdAbYoVQmEXEtd7v74S\",\"expirationTime\":null,\"keys\":{\"p256dh\":\"BPJAk12b7to0i3FjL1W7DMSwEoyxQiqAUxrvYg0zMdYDLYQr5CnKRvsY3F2oKU9fnyC-XFVWHvrQP8pvXyGGdsA\",\"auth\":\"fvQYm2O7XmYwxikEXH9WNQ\"}}","created_at":"2025-11-03 11:09:57","endpoint":"https://fcm.googleapis.com/fcm/send/e2lOFCXwxE8:APA91bEE54CFEJhSpSOB9Yb-NL4nx70_tsqh4DahNLL6M-3z-bgSSPlaMFZWz3Ty246LtwyQlCl6GucP3lw4Vk5gdGh5cbGr-ca2o4FCzSJIbsVp9LLFEjSTjgdAbYoVQmEXEtd7v74S"},
{"token_id":45,"user_id":2,"token":"{\"endpoint\":\"https://fcm.googleapis.com/fcm/send/ehBtXoZvigo:APA91bHkopMyHR-YMA1jZTbluKwR93XXCwSJeRUcNpU0rUZ4mC_1r2lNVR-Y0ObNdxtj5ODzAxL0Y23w5vdeshr4U3eoEBi0jir7nYMGIiFkv6QGOlfbBYHMLCuIpNChI3sN9XYG_vDi\",\"expirationTime\":null,\"keys\":{\"p256dh\":\"BCxPt0XdwbRG4WRXZXrnkYLriZsDOCbW-UoSdbsENPwkYTnZOGCxwZzhtnGx4T3WfEnSUWtZofdAMED_L5FvRnw\",\"auth\":\"P1csZARNwcAT88z9KJtBaA\"}}","created_at":"2025-11-03 14:52:13","endpoint":"https://fcm.googleapis.com/fcm/send/ehBtXoZvigo:APA91bHkopMyHR-YMA1jZTbluKwR93XXCwSJeRUcNpU0rUZ4mC_1r2lNVR-Y0ObNdxtj5ODzAxL0Y23w5vdeshr4U3eoEBi0jir7nYMGIiFkv6QGOlfbBYHMLCuIpNChI3sN9XYG_vDi"},
{"token_id":61,"user_id":2,"token":"{\"endpoint\":\"https://fcm.googleapis.com/fcm/send/dykBvuVHzJ4:APA91bHORxJC7fH28eloulxUp44xgnKJbpCtCWDpbqqxGMbtalKSn_eWDrNN7-rDZrGbPsV_4MqzXGeD0BvKcqz4OeA3DPqGeOebeVu5hjrDnXAnCoitcpdoyp3lVvUp0GsGZTiL11WJ\",\"expirationTime\":null,\"keys\":{\"p256dh\":\"BKllRFbHhmgHNVHjAt-5djB4_uJVc30ezLXfdM9GceoyelKN_NA8cnPJtaR4mxN0W9lxnC64O9-GmNxeXMUEPuM\",\"auth\":\"gNdguy4L8Ba_8FmZ0pWD5Q\"}}","created_at":"2025-11-04 04:20:06","endpoint":"https://fcm.googleapis.com/fcm/send/dykBvuVHzJ4:APA91bHORxJC7fH28eloulxUp44xgnKJbpCtCWDpbqqxGMbtalKSn_eWDrNN7-rDZrGbPsV_4MqzXGeD0BvKcqz4OeA3DPqGeOebeVu5hjrDnXAnCoitcpdoyp3lVvUp0GsGZTiL11WJ"},
{"token_id":67,"user_id":8,"token":"{\"endpoint\":\"https://fcm.googleapis.com/fcm/send/cvlrn1wu8Y8:APA91bFFz0RBL0eQbMVw2-2RhJIw89aNnnZDbrGBHAxLjoCi_DIsBUspyOfwZU2E3U-Wr0yoPxwEuoQVarCScQ5ZJbGmauxx0Bmhep8HGyasAUKjBX95tgAa7_dmp5u4Qq6l2udReOQZ\",\"expirationTime\":null,\"keys\":{\"p256dh\":\"BAhcldm4Lth4cAoKcH_ZOPL8NTNRulNEVMgqM7WYmOoqshz2OwTZohuZ3qpPeyDZuuDVuke5dZNU_W_dT1M5vwc\",\"auth\":\"oL1OHLRsBIw12arcYtLvkQ\"}}","created_at":"2025-11-04 04:28:28","endpoint":"https://fcm.googleapis.com/fcm/send/cvlrn1wu8Y8:APA91bFFz0RBL0eQbMVw2-2RhJIw89aNnnZDbrGBHAxLjoCi_DIsBUspyOfwZU2E3U-Wr0yoPxwEuoQVarCScQ5ZJbGmauxx0Bmhep8HGyasAUKjBX95tgAa7_dmp5u4Qq6l2udReOQZ"},
{"token_id":72,"user_id":2,"token":"{\"endpoint\":\"https://fcm.googleapis.com/fcm/send/cDXKPXI6aO0:APA91bH5nrlD2U8_hR_YbBd3BR6AU6VqtfTC0DNum3e3utSPp0TQBBKFruAp7Q-PyEe7bP-hVOGhLpOhI8_3PkW9kqkDzCej097nUYYG0S5rb6w3Lizl-MU7E87Xdpb38VkFr00S_LeK\",\"expirationTime\":null,\"keys\":{\"p256dh\":\"BC49FXQyXc-naGlj-V-9UsXeyJZZ9p3FcZIJkhyI2Jw53U1aWJUM3n1gNkWYJA69QgK2EEUyL-yjZJ7fTiCFBDY\",\"auth\":\"5ebDvxHZhhqjzG250hKHQQ\"}}","created_at":"2025-11-04 04:39:57","endpoint":"https://fcm.googleapis.com/fcm/send/cDXKPXI6aO0:APA91bH5nrlD2U8_hR_YbBd3BR6AU6VqtfTC0DNum3e3utSPp0TQBBKFruAp7Q-PyEe7bP-hVOGhLpOhI8_3PkW9kqkDzCej097nUYYG0S5rb6w3Lizl-MU7E87Xdpb38VkFr00S_LeK"},
{"token_id":73,"user_id":2,"token":"{\"endpoint\":\"https://fcm.googleapis.com/fcm/send/eCJYOQF347M:APA91bGjhm26iRDY8MqVHyQhFEQTXdDmb4a035gCuYkl8xvBVJu7NDHKpiasWA5xQJeN4iGid1HDfLMWCCwnRpd1zXrJkjcNt4zgzXk3EO131j1iOtGcgmjSY9ilvjpo60LVkAddcRE9\",\"expirationTime\":null,\"keys\":{\"p256dh\":\"BHAFkEQ-akDO3sa2jHkd5JJXN2bg-DKUVGfkA0zCrLN5OzTniF3kfBLop9rZX-Zs232iUlfajsLCoN3RwN6MyEw\",\"auth\":\"50VsWYl3-mvVaRYOGqlXkg\"}}","created_at":"2025-11-04 04:40:14","endpoint":"https://fcm.googleapis.com/fcm/send/eCJYOQF347M:APA91bGjhm26iRDY8MqVHyQhFEQTXdDmb4a035gCuYkl8xvBVJu7NDHKpiasWA5xQJeN4iGid1HDfLMWCCwnRpd1zXrJkjcNt4zgzXk3EO131j1iOtGcgmjSY9ilvjpo60LVkAddcRE9"},
{"token_id":75,"user_id":2,"token":"{\"endpoint\":\"https://fcm.googleapis.com/fcm/send/d6x4QIPb4K0:APA91bFgTmNB2h96Kzif_WOMs0ugmjGfIpVDrC7dSb7IM05m1nccUuFCnCz1DBUk0HbYfldyEpv9KcJVijxq7O5jIidlfoInDpi2064NqbI_ce9TCQmQOx3pTXx8u4psuz07aVpXBF4C\",\"expirationTime\":null,\"keys\":{\"p256dh\":\"BJHhgMrHA4M99fiZgzMdnIeFTLDrxvRfh4aZHYWh5HnGngjFMJwP1X9M7iQJBWqUHVKB7Pzk1ftyXmXODmtIJs4\",\"auth\":\"DXVyol1I-HpszEKYrZ80Ng\"}}","created_at":"2025-11-04 04:45:55","endpoint":"https://fcm.googleapis.com/fcm/send/d6x4QIPb4K0:APA91bFgTmNB2h96Kzif_WOMs0ugmjGfIpVDrC7dSb7IM05m1nccUuFCnCz1DBUk0HbYfldyEpv9KcJVijxq7O5jIidlfoInDpi2064NqbI_ce9TCQmQOx3pTXx8u4psuz07aVpXBF4C"},
{"token_id":76,"user_id":2,"token":"{\"endpoint\":\"https://fcm.googleapis.com/fcm/send/d2NOsD1qBmE:APA91bFCps6SEd7fVc47KOrsWBW0L9LMq4Xa1t-66Yen9PtsbgGZzcds2kyEl9bnBFVjGo7xTV3T8sSov70Vo1kMEGiiU8w75pd1a601ebUCWMUOK_FIwKVNfxsEL-B_UOTJvDdlbe_c\",\"expirationTime\":null,\"keys\":{\"p256dh\":\"BCA6wWB8YfkG8y7BnUSZ0_z3P8BpxSh1vtvC7J-nKk_lY78RtcIkWQvC9DSFOxRKxKUCy-mVzQpU6kzxX4QbPc8\",\"auth\":\"unzScguUdv_SiSkqvvCkDQ\"}}","created_at":"2025-11-04 04:50:40","endpoint":"https://fcm.googleapis.com/fcm/send/d2NOsD1qBmE:APA91bFCps6SEd7fVc47KOrsWBW0L9LMq4Xa1t-66Yen9PtsbgGZzcds2kyEl9bnBFVjGo7xTV3T8sSov70Vo1kMEGiiU8w75pd1a601ebUCWMUOK_FIwKVNfxsEL-B_UOTJvDdlbe_c"},
{"token_id":77,"user_id":2,"token":"{\"endpoint\":\"https://fcm.googleapis.com/fcm/send/f7riMGMYUHY:APA91bFAWojXGwEMEf5t3PZ0JnN_gWkncXgrQAtBQXz2MMwviDYL2CFl0TKVEZU6BcJSMtKTvAzdsInft2ADcjaxwk6n9pTKtvWn2Gb0jw4SWilld2q2P2TuUqbr2vMXBWs_B105sRUI\",\"expirationTime\":null,\"keys\":{\"p256dh\":\"BARBxNLIJmcvLm0DYSwr3tBYq4Lt0kVZuQyNUHYi-ydoYaMsGW0ag6P6jD0Et5w-PkVAjop35oysatqf9eyrfEM\",\"auth\":\"SBLc8uI01nyNZzs9CQiXqQ\"}}","created_at":"2025-11-04 05:05:46","endpoint":"https://fcm.googleapis.com/fcm/send/f7riMGMYUHY:APA91bFAWojXGwEMEf5t3PZ0JnN_gWkncXgrQAtBQXz2MMwviDYL2CFl0TKVEZU6BcJSMtKTvAzdsInft2ADcjaxwk6n9pTKtvWn2Gb0jw4SWilld2q2P2TuUqbr2vMXBWs_B105sRUI"},
{"token_id":80,"user_id":2,"token":"{\"endpoint\":\"https://fcm.googleapis.com/fcm/send/dzz1ABj4Ns4:APA91bG2-LAlVFZdhyQLGG2YHjWR7ol3TsjIPgqXTh-K-piXBqjVO-WI0zKYNdJlB-mdMf54BaROi0ZItNpktMm83CHNJCPnSOXyAl1gaZVdq4EuWt_Fuw_dEymz7Tgen_xjqb_7pwzj\",\"expirationTime\":null,\"keys\":{\"p256dh\":\"BKy1rhKmtiwY6wfGVr9gv_-7UIsb8cDA08pGL-tS0gVsU3cLUxF4pV7aElAFsjPIWy-70_giF0BPSRUgevrXUiM\",\"auth\":\"g6iNaUYGs3z-WKEp0CLaOg\"}}","created_at":"2025-11-04 05:22:44","endpoint":"https://fcm.googleapis.com/fcm/send/dzz1ABj4Ns4:APA91bG2-LAlVFZdhyQLGG2YHjWR7ol3TsjIPgqXTh-K-piXBqjVO-WI0zKYNdJlB-mdMf54BaROi0ZItNpktMm83CHNJCPnSOXyAl1gaZVdq4EuWt_Fuw_dEymz7Tgen_xjqb_7pwzj"},
{"token_id":82,"user_id":2,"token":"{\"endpoint\":\"https://fcm.googleapis.com/fcm/send/fT0ubKQr_h0:APA91bHBzyLoS5sPb3bgH5nPvL4633qnJKLmja916g29JZhey4b3HlCkB5OkdtsmUxcvXvy5-eFu_9e3aoT52xF1MoEwhO1eVu0Bfy3VCzBSEsLbuq3xYDOloHhbo-jRquKKSXxDJWXl\",\"expirationTime\":null,\"keys\":{\"p256dh\":\"BGWM3BJ34KqvZsRnODxpoC8U8ijrN4MXTPj2eirJOOMicM8i2xtkpa2shXqdAWP7NKsfdhKLX902H-OsIdSY550\",\"auth\":\"OfATGcm8ARc-aFcz1OMtDQ\"}}","created_at":"2025-11-04 05:36:25","endpoint":"https://fcm.googleapis.com/fcm/send/fT0ubKQr_h0:APA91bHBzyLoS5sPb3bgH5nPvL4633qnJKLmja916g29JZhey4b3HlCkB5OkdtsmUxcvXvy5-eFu_9e3aoT52xF1MoEwhO1eVu0Bfy3VCzBSEsLbuq3xYDOloHhbo-jRquKKSXxDJWXl"},
{"token_id":87,"user_id":1,"token":"{\"endpoint\":\"https://fcm.googleapis.com/fcm/send/dWalGwPIl78:APA91bHFbQU6Zmaws78pg8w9OhZwSrKmUDPMqnx-Mu7DRVIx_dJIJFSQcXCtUkNhWUk2ToKmWXrlc8VTRTyvDFmklmbuqkH1nRl21lWDmWo19oXj65hsOSkHB_jO4aNu4tLewl1hBx-i\",\"expirationTime\":null,\"keys\":{\"p256dh\":\"BCa8iCKDToqcVpegl1i-1TwXlz4ijTm37eIXzNAPWrVjq6jtmTRfvfs4ySOnz76b0017eN89_LMn_Tjddh26kI4\",\"auth\":\"_ronN6Vg0uMqiksMQTZCNQ\"}}","created_at":"2025-11-04 07:21:16","endpoint":"https://fcm.googleapis.com/fcm/send/dWalGwPIl78:APA91bHFbQU6Zmaws78pg8w9OhZwSrKmUDPMqnx-Mu7DRVIx_dJIJFSQcXCtUkNhWUk2ToKmWXrlc8VTRTyvDFmklmbuqkH1nRl21lWDmWo19oXj65hsOSkHB_jO4aNu4tLewl1hBx-i"},
{"token_id":92,"user_id":3,"token":"{\"endpoint\":\"https://fcm.googleapis.com/fcm/send/dBv3YASJDSY:APA91bET93CrbcUNJ9aJBLoQjNW9NQh4TBH7bcwK4t7I7eFC_UOue0YRbca11wGZTsnCef_QCwL7cwza-qg319SxvjgW8SdE5xHDjQzuSxCeIRWjaPLFAy6KzZSHqY4pPvso0_RJhKP2\",\"expirationTime\":null,\"keys\":{\"p256dh\":\"BOlGwO94p2ajUbzNHomxLViIujzegCpFDpoxOruk0CVyIjuY3NQrZlcnSel8cmpYsFMdAVCDKWhpHHISPDaJWiY\",\"auth\":\"fFkpYZTVLgkkpdagQzwVJw\"}}","created_at":"2025-11-04 08:41:14","endpoint":"https://fcm.googleapis.com/fcm/send/dBv3YASJDSY:APA91bET93CrbcUNJ9aJBLoQjNW9NQh4TBH7bcwK4t7I7eFC_UOue0YRbca11wGZTsnCef_QCwL7cwza-qg319SxvjgW8SdE5xHDjQzuSxCeIRWjaPLFAy6KzZSHqY4pPvso0_RJhKP2"},
{"token_id":96,"user_id":2,"token":"{\"endpoint\":\"https://fcm.googleapis.com/fcm/send/c7_w-dyjZl4:APA91bGqvuLfJnjsxnmdEoEq94T35tLgNJ3Sjmd-pDPnctq6JctSfdZpajv_nvHShMAq0b44HwjkcWSbYc2M4pUDLMvDxdrP5qL1amce0A6JW6MM-8NeLKctcFWcxQQttWpUQuBrHBWa\",\"expirationTime\":null,\"keys\":{\"p256dh\":\"BN1Sec4m0QK5OXuNjbsX0Pmx9ZUjAR2S3tg66pBt-L95GHTzVEqoNmAubptWifgyPwlkbQQLwfDf0Lqxw4WS3M8\",\"auth\":\"_8ibHv_SBSlNdtB82BRagQ\"}}","created_at":"2025-11-04 12:28:40","endpoint":"https://fcm.googleapis.com/fcm/send/c7_w-dyjZl4:APA91bGqvuLfJnjsxnmdEoEq94T35tLgNJ3Sjmd-pDPnctq6JctSfdZpajv_nvHShMAq0b44HwjkcWSbYc2M4pUDLMvDxdrP5qL1amce0A6JW6MM-8NeLKctcFWcxQQttWpUQuBrHBWa"},
{"token_id":105,"user_id":2,"token":"{\"endpoint\":\"https://fcm.googleapis.com/fcm/send/dy63Sh_L6E8:APA91bFmXzC8enZtx0ssLI2Dyd4M4molWatGemZdN0ssSleukolWVJkqxQ0Xz_DSua7SmZntlWH_i8PNVpXTGzWBIJgMpDxYEcE_tP8IOMo8QTmb-Xp0CKbGq2jMDqdGVmRDCzjBkHhP\",\"expirationTime\":null,\"keys\":{\"p256dh\":\"BLCyTyNr6n7UYbxJCHs9URKbZERuDp-z9D1LDwu9YtoGFPxA6m8UJGUsF00Ova5GdMii0Fz8-gJlvlwc5lj3fTE\",\"auth\":\"8SuOKNcVWPFlPL2Mu-jTiw\"}}","created_at":"2025-11-04 13:11:48","endpoint":"https://fcm.googleapis.com/fcm/send/dy63Sh_L6E8:APA91bFmXzC8enZtx0ssLI2Dyd4M4molWatGemZdN0ssSleukolWVJkqxQ0Xz_DSua7SmZntlWH_i8PNVpXTGzWBIJgMpDxYEcE_tP8IOMo8QTmb-Xp0CKbGq2jMDqdGVmRDCzjBkHhP"},
{"token_id":113,"user_id":2,"token":"{\"endpoint\":\"https://fcm.googleapis.com/fcm/send/e4oTRe4rOKU:APA91bFNyZ_wi-28T0uK34VMOPNHzsIesS-AgZ3vg5JM75j4QLXHySflwJpKWxIy7SCf_ElAseYyCGwAJWo0qiabTWwyjCS0qLsuYj_MH2pdRFcJiZckqdb0cmxDrcSQSijNL9GnfNfC\",\"expirationTime\":null,\"keys\":{\"p256dh\":\"BNTZIgjvLUOpOtspyDhgFC4Q3NZrll8l8ahUQ5pyifdd2cXMH2MQfOB8a--DXbsFwUjNiHSphx8kdnR1ZnJYqMo\",\"auth\":\"xxAYvjxsb1ooocj4uu51-w\"}}","created_at":"2025-11-04 13:25:49","endpoint":"https://fcm.googleapis.com/fcm/send/e4oTRe4rOKU:APA91bFNyZ_wi-28T0uK34VMOPNHzsIesS-AgZ3vg5JM75j4QLXHySflwJpKWxIy7SCf_ElAseYyCGwAJWo0qiabTWwyjCS0qLsuYj_MH2pdRFcJiZckqdb0cmxDrcSQSijNL9GnfNfC"},
{"token_id":127,"user_id":2,"token":"{\"endpoint\":\"https://fcm.googleapis.com/fcm/send/d8GhnrT1FCk:APA91bHJGXNinA12FWSshQWBe3ptBHqpVhsy3B_weKaPMzVHI7m_0gfN9cYVwRi8f0sprCdd4pp6Dd-GA5HZ-PJgc_sKmdS8hZcCtXxLbuvOT8z3uEBC1592R7WuW8LcDAN3TkcgweQP\",\"expirationTime\":null,\"keys\":{\"p256dh\":\"BLNf_VVH_ZwJ-YvyB-VlTG_hAqoa1HYjHStu2vQPGOFgmbECSdrzPsmDyPTp-4v52nW8wglHdqUmc4O_XBPtsm0\",\"auth\":\"ZEPe786PFm7pPid2drfh1A\"}}","created_at":"2025-11-04 13:46:18","endpoint":"https://fcm.googleapis.com/fcm/send/d8GhnrT1FCk:APA91bHJGXNinA12FWSshQWBe3ptBHqpVhsy3B_weKaPMzVHI7m_0gfN9cYVwRi8f0sprCdd4pp6Dd-GA5HZ-PJgc_sKmdS8hZcCtXxLbuvOT8z3uEBC1592R7WuW8LcDAN3TkcgweQP"},
{"token_id":133,"user_id":2,"token":"{\"endpoint\":\"https://fcm.googleapis.com/fcm/send/cebbQDuGNfA:APA91bHb6HLqawjv7gxRdqplLFfn315u-Hg5FD1JbF6Tge3M7JqqiUqkffPFoDVC2bQH2UVwg8wuraO4Ly4yV2fsYAo3ERMI7acUs680dkyrtFOpJWmWaz2IeZwaiCIqQmqZBMW5ml_r\",\"expirationTime\":null,\"keys\":{\"p256dh\":\"BJyxOYYdPtwFeZhnPp7dA5SfxUzg3nO12weQlMO8clJJpNepjnxJTrbkoXRIzMrbRP1w4NnQ06gkWDmCgh2cwDw\",\"auth\":\"uxyKpY1A-_9GyXvbFrvwVQ\"}}","created_at":"2025-11-04 13:49:46","endpoint":"https://fcm.googleapis.com/fcm/send/cebbQDuGNfA:APA91bHb6HLqawjv7gxRdqplLFfn315u-Hg5FD1JbF6Tge3M7JqqiUqkffPFoDVC2bQH2UVwg8wuraO4Ly4yV2fsYAo3ERMI7acUs680dkyrtFOpJWmWaz2IeZwaiCIqQmqZBMW5ml_r"},
{"token_id":134,"user_id":2,"token":"{\"endpoint\":\"https://fcm.googleapis.com/fcm/send/ecA-b-zEyOs:APA91bGfsd-_-5W5eAjQxukaS7lNAbgk60YnBdIVNPYylDE7XvwpHQLIWKttbeVfy4nOw5PDjfLGE272TUUHEQ4vg2i8gGAjkXpmkReB3ZIvCpQ6x7zCQH28fuFZBrPNbp3o9IhTmCyB\",\"expirationTime\":null,\"keys\":{\"p256dh\":\"BAm8-1wxOEWDyhaZbO51_2gXQeMRVCKvmWlDsLGj9RnDFREqumWrmBzkDIlOmklsCwF7wnqFwcM4rigTiBUnEkI\",\"auth\":\"2ABegbGhYyqB9Xgogjwhfw\"}}","created_at":"2025-11-04 13:51:04","endpoint":"https://fcm.googleapis.com/fcm/send/ecA-b-zEyOs:APA91bGfsd-_-5W5eAjQxukaS7lNAbgk60YnBdIVNPYylDE7XvwpHQLIWKttbeVfy4nOw5PDjfLGE272TUUHEQ4vg2i8gGAjkXpmkReB3ZIvCpQ6x7zCQH28fuFZBrPNbp3o9IhTmCyB"},
{"token_id":137,"user_id":2,"token":"{\"endpoint\":\"https://fcm.googleapis.com/fcm/send/c8QatXAaXuA:APA91bGswxiFQPODJ8DLPp_HrEFvC-_Tp_3kZ0qIPofWo1EL0Cu1irn8bhmJHeOu9QxSfu1s8RY_DaSbuyj0AVQCjZE1UUzWnS9CSnLfPaWKvqmZ5if-nJrzEsefwETGgyldvSUGw-Uf\",\"expirationTime\":null,\"keys\":{\"p256dh\":\"BMzO0oIJ1zGjrHddf4ZvjI8q71m4kR69M5XZIhtX2pZ7mdQDPGS_f5mpACxBWbSqk4TJ4hD0mpOsyWuOZvO2Ar8\",\"auth\":\"D_Vh6XQjNgMBBSD9NWeDRQ\"}}","created_at":"2025-11-04 13:51:37","endpoint":"https://fcm.googleapis.com/fcm/send/c8QatXAaXuA:APA91bGswxiFQPODJ8DLPp_HrEFvC-_Tp_3kZ0qIPofWo1EL0Cu1irn8bhmJHeOu9QxSfu1s8RY_DaSbuyj0AVQCjZE1UUzWnS9CSnLfPaWKvqmZ5if-nJrzEsefwETGgyldvSUGw-Uf"},
{"token_id":139,"user_id":2,"token":"{\"endpoint\":\"https://fcm.googleapis.com/fcm/send/csReF4d3tbk:APA91bHqNusY0I_wWJewGI5xdhOKCFFbvEwR3-g55DXSlNWYfF28PlfnfWg1sSN9dG__pNbSmDRYNeatm-DaD-jInJZhbttzul8YVkBS64iTCI8ALpM11x40xKomHjjPulXxXDPnZAsM\",\"expirationTime\":null,\"keys\":{\"p256dh\":\"BNxy2jYSGeKr07_IEgW9ggK0hBI_iEjiZhbn1Q2G1y17Ves2XGLzTNTtjc0ZLABuk4Mij5h4x3DQUW1fZKK0RCw\",\"auth\":\"J9Z_TEb5HbOI2bwtcx9kmA\"}}","created_at":"2025-11-04 13:53:40","endpoint":"https://fcm.googleapis.com/fcm/send/csReF4d3tbk:APA91bHqNusY0I_wWJewGI5xdhOKCFFbvEwR3-g55DXSlNWYfF28PlfnfWg1sSN9dG__pNbSmDRYNeatm-DaD-jInJZhbttzul8YVkBS64iTCI8ALpM11x40xKomHjjPulXxXDPnZAsM"},
{"token_id":141,"user_id":2,"token":"{\"endpoint\":\"https://fcm.googleapis.com/fcm/send/dMC6DhlC1YI:APA91bGpPQ_suxT31f87nYgpw4KUEuFkLKP24HRTKiG27L2gD1UUopjJPGhW9cQIenpbShpfyZ6iuABFgE1pzfJ-Y1y4XclizjaqlZ5j09lqyKjEDmgHX7A4LtWDx_tKkaTEpzsU9o_X\",\"expirationTime\":null,\"keys\":{\"p256dh\":\"BIBprhA9JphzVUpkFnCW8h4CATEk3nd1l7odCPLnSBcfW99xjwVGmAVsg9aghq9Ps6cVyhlv7pYz_37-BGfms-w\",\"auth\":\"NxSEI9ZcQZOgm0EtZUi7Hg\"}}","created_at":"2025-11-04 13:55:18","endpoint":"https://fcm.googleapis.com/fcm/send/dMC6DhlC1YI:APA91bGpPQ_suxT31f87nYgpw4KUEuFkLKP24HRTKiG27L2gD1UUopjJPGhW9cQIenpbShpfyZ6iuABFgE1pzfJ-Y1y4XclizjaqlZ5j09lqyKjEDmgHX7A4LtWDx_tKkaTEpzsU9o_X"},
{"token_id":152,"user_id":2,"token":"{\"endpoint\":\"https://fcm.googleapis.com/fcm/send/e5ue5l8j_D4:APA91bFt_LKfOI0RtsFXpozv0eefQtzdAIlUFnbtXNoe8kGZPtVtU3hgTOYMhyfQFqTat3o2DpfGNH18-BCOWc7YmcwQQ8JUc6JQ8vQEJWq8W3WRWwX4Jgl-OYjE4gQGuRGROrIY0Zme\",\"expirationTime\":null,\"keys\":{\"p256dh\":\"BHTdY7sv53zHUbeTVTg1DJETf7rYzigMTLIi1JyQG0OiOKKx5Q_EESgOJkj5sPLJLoTOg2fUoMDOZ4tluZ-LRgA\",\"auth\":\"DOE57CxdfmczGuCNtUzo_g\"}}","created_at":"2025-11-04 14:33:34","endpoint":"https://fcm.googleapis.com/fcm/send/e5ue5l8j_D4:APA91bFt_LKfOI0RtsFXpozv0eefQtzdAIlUFnbtXNoe8kGZPtVtU3hgTOYMhyfQFqTat3o2DpfGNH18-BCOWc7YmcwQQ8JUc6JQ8vQEJWq8W3WRWwX4Jgl-OYjE4gQGuRGROrIY0Zme"},
{"token_id":184,"user_id":1,"token":"{\"endpoint\":\"https://fcm.googleapis.com/fcm/send/fzSd7AVakeE:APA91bHbQYK4lJcsI3i3Nq-IGrn7kzDKHszcY8zrv_7r7w0xx8S7tYZ3UkCstmIFxMgbMwM068T2hueT1C5qWc7m1KjBXkTW-XbPaY3IodwOiAD3IYk_zttn9EudoIrbiZnDZal96rn-\",\"expirationTime\":null,\"keys\":{\"p256dh\":\"BAbpXkjmTNf2ydORFA7TuF2Lk3it5jWYx_l0LrjtB4W-bcK6KqO1m6ouQIVV3gq4NQIeoBJSkPCldiOoKWTiy60\",\"auth\":\"fgfu-e_nfMwpebZgrr4wnQ\"}}","created_at":"2025-11-05 08:46:29","endpoint":"https://fcm.googleapis.com/fcm/send/fzSd7AVakeE:APA91bHbQYK4lJcsI3i3Nq-IGrn7kzDKHszcY8zrv_7r7w0xx8S7tYZ3UkCstmIFxMgbMwM068T2hueT1C5qWc7m1KjBXkTW-XbPaY3IodwOiAD3IYk_zttn9EudoIrbiZnDZal96rn-"},
{"token_id":187,"user_id":3,"token":"{\"endpoint\":\"https://fcm.googleapis.com/fcm/send/eJJSzC-8uvU:APA91bHV4JM58W2i0pLHv_ge7CH1vmS3PgVOeuqPQn9pu-wUWWGnwTqZ5Rx6crALqOpBtzvKbPQBhdZPYebZ0fX9DKNun3xy0Zqbdg6lfrksyYKIp3LBt-dvJY2Jfjk4Lbp2sg20qKXe\",\"expirationTime\":null,\"keys\":{\"p256dh\":\"BASgRx99QWDMBSt_U2LDtiQwdBC6qMpWyFrWN3Qv1hAO_EKa5XwP6Na62naxMHpMDT380XBJXiEY7P-fBKngA4g\",\"auth\":\"xORvJNOYRUvC4a_RmMduRQ\"}}","created_at":"2025-11-05 08:47:35","endpoint":"https://fcm.googleapis.com/fcm/send/eJJSzC-8uvU:APA91bHV4JM58W2i0pLHv_ge7CH1vmS3PgVOeuqPQn9pu-wUWWGnwTqZ5Rx6crALqOpBtzvKbPQBhdZPYebZ0fX9DKNun3xy0Zqbdg6lfrksyYKIp3LBt-dvJY2Jfjk4Lbp2sg20qKXe"},
{"token_id":200,"user_id":4,"token":"{\"endpoint\":\"https://fcm.googleapis.com/fcm/send/dORoz5WK0As:APA91bFqnendvSpQGtPOeovSQu8CgEMStFrEQf7_2GgauVPl5eRgdQ6vKihYvzqMDiNYns3aAXbkUtIgAdx0GjHZdi1UGE_xBLRd3VncUBvClrYfigWy8Ye_CK7RoZWGMM_5pc5WBMqY\",\"expirationTime\":null,\"keys\":{\"p256dh\":\"BKwlNVPA106L38_8K1eQLBNXfBq8yDUhO4loJisy8Mw8C08ufhJp499aGjTzS8zrNC0n5B8P2CqPbINYwjlU74A\",\"auth\":\"u4t9s2BpvqLccj73C4eEGQ\"}}","created_at":"2025-11-05 08:58:49","endpoint":"https://fcm.googleapis.com/fcm/send/dORoz5WK0As:APA91bFqnendvSpQGtPOeovSQu8CgEMStFrEQf7_2GgauVPl5eRgdQ6vKihYvzqMDiNYns3aAXbkUtIgAdx0GjHZdi1UGE_xBLRd3VncUBvClrYfigWy8Ye_CK7RoZWGMM_5pc5WBMqY"},
{"token_id":209,"user_id":1,"token":"{\"endpoint\":\"https://fcm.googleapis.com/fcm/send/eMCmW8WWeSg:APA91bFYtyR7dYYjF0fhCSyTynoLLD6OAnmLgVmO_YNBdapq4SCECAJMuVXpJYZixYqUicNeaxx4UrPv7veHfFv0zCvtQe61IKV3NCLSiDZNvmJMXu-fYcMKDeYJVPuBabEHmIFzNBq0\",\"expirationTime\":null,\"keys\":{\"p256dh\":\"BCxiXPEprs4INoK6VBGF5qivB7QQOg-U9fGCzeoA9dhwz7xUEX5WNtjpytrszXV8NoZmVB0oS0VLKS7T762ehFc\",\"auth\":\"cScL6sWLbMc4aA3NVwtVrw\"}}","created_at":"2025-11-05 09:26:04","endpoint":"https://fcm.googleapis.com/fcm/send/eMCmW8WWeSg:APA91bFYtyR7dYYjF0fhCSyTynoLLD6OAnmLgVmO_YNBdapq4SCECAJMuVXpJYZixYqUicNeaxx4UrPv7veHfFv0zCvtQe61IKV3NCLSiDZNvmJMXu-fYcMKDeYJVPuBabEHmIFzNBq0"},
{"token_id":224,"user_id":1,"token":"{\"endpoint\":\"https://fcm.googleapis.com/fcm/send/e2Ci9Rd6_Qk:APA91bFz6X5Udh14YpDzxTPTbGCNg2NHX_XB1Ku74fUE7otk8WXX4XFkwGKVBwEGChZNpL48BPzhAxXVyRfJMOBY2I-xFfl4deCQjBJFYxG5SMXneL-uVJ58tAIF7QXo1q-q963-nj0B\",\"expirationTime\":null,\"keys\":{\"p256dh\":\"BCOGB4NTSYKvGscDCq9_l6ZqtyUSqVvkIog1bfC4wmnFQA8u-4sSG80ciJlN6sU1oTDJH2FM1B7eVAJN-OewvgQ\",\"auth\":\"BYpNrsFSKKdDA8-06za2Xw\"}}","created_at":"2025-11-05 09:42:39","endpoint":"https://fcm.googleapis.com/fcm/send/e2Ci9Rd6_Qk:APA91bFz6X5Udh14YpDzxTPTbGCNg2NHX_XB1Ku74fUE7otk8WXX4XFkwGKVBwEGChZNpL48BPzhAxXVyRfJMOBY2I-xFfl4deCQjBJFYxG5SMXneL-uVJ58tAIF7QXo1q-q963-nj0B"},
{"token_id":225,"user_id":3,"token":"{\"endpoint\":\"https://fcm.googleapis.com/fcm/send/cTkUifue_O4:APA91bEgfYUHHh8eT5lcMeSzeAOAoOjHJ_Kw1_KVXVvu8sfjQoxVFVRhTBl_6RdkrEV5TEv3Pcki9470qRhhe_tS5WHT4x4X4TacUh73199jPCE-h9LGnirDLIizITwqAfsdlFLpwkSk\",\"expirationTime\":null,\"keys\":{\"p256dh\":\"BHmWdxI8O6cvO7mYcPTq7Q7-nmhYefDRWr13I8hDgtBqOpugnrltsSXiiIlaFrw5So8OAcWZNHMf2BZnq_QxSW8\",\"auth\":\"9U-71uhmu19aiiUAl4XMiw\"}}","created_at":"2025-11-05 09:43:59","endpoint":"https://fcm.googleapis.com/fcm/send/cTkUifue_O4:APA91bEgfYUHHh8eT5lcMeSzeAOAoOjHJ_Kw1_KVXVvu8sfjQoxVFVRhTBl_6RdkrEV5TEv3Pcki9470qRhhe_tS5WHT4x4X4TacUh73199jPCE-h9LGnirDLIizITwqAfsdlFLpwkSk"},
{"token_id":242,"user_id":9,"token":"{\"endpoint\":\"https://fcm.googleapis.com/fcm/send/cJiXb9wzd4w:APA91bGRxzjDNEVuhFMZjLmVRWUlCXo_wuivVR8BCyK3ljVceP3mOcFM0SidrqGmYQb92Lid1msIYZTUnT3ybqr0OSztmMwk-iVVN3PZfdc73i94kndKDfn1VXdMSaAilY8vjxpJA4PC\",\"expirationTime\":null,\"keys\":{\"p256dh\":\"BIWnTZPXDr3JbQfEhdZJEJF3sPjHyI55CbnuNqQiR-7BhkWeqU2pFL3nCdsnE_x2H1AdvR0mkV0CnfCO2OLqMp0\",\"auth\":\"mcn8SAYQqH3UY3gGAz4dvQ\"}}","created_at":"2025-11-05 09:55:34","endpoint":"https://fcm.googleapis.com/fcm/send/cJiXb9wzd4w:APA91bGRxzjDNEVuhFMZjLmVRWUlCXo_wuivVR8BCyK3ljVceP3mOcFM0SidrqGmYQb92Lid1msIYZTUnT3ybqr0OSztmMwk-iVVN3PZfdc73i94kndKDfn1VXdMSaAilY8vjxpJA4PC"},
{"token_id":243,"user_id":8,"token":"{\"endpoint\":\"https://fcm.googleapis.com/fcm/send/d-nuThEc4Nk:APA91bFPBwCQKw3DS55YhwsCI3vSb4wWifdkRNifi0eTAmjd_LR8VYTvN1k7Tze7V91zkgJMv6Ujh2yQR0LQBzILKVnN7hFvueYAtcWAdW1GP8HP_hrII9Ff5Zk1FtSI-OtqikMelL7K\",\"expirationTime\":null,\"keys\":{\"p256dh\":\"BJ3IKRS_gNL6et_UfhwIPYRAW-fmY5IRi9ViQs2YZA9QkWB66PwHamtuGVCo508WZiCvB9hBymc7NBhFhjcTYR8\",\"auth\":\"9Q2xnHc20IhC-_0k8ZXoig\"}}","created_at":"2025-11-05 09:58:15","endpoint":"https://fcm.googleapis.com/fcm/send/d-nuThEc4Nk:APA91bFPBwCQKw3DS55YhwsCI3vSb4wWifdkRNifi0eTAmjd_LR8VYTvN1k7Tze7V91zkgJMv6Ujh2yQR0LQBzILKVnN7hFvueYAtcWAdW1GP8HP_hrII9Ff5Zk1FtSI-OtqikMelL7K"},
{"token_id":245,"user_id":10,"token":"{\"endpoint\":\"https://fcm.googleapis.com/fcm/send/eUKY7TtDW-U:APA91bEjCp0FOv9hPxjWsi0990FHJMFnQcmMt0dE5Z2NdUIqjb99wyn7a3gJSN4K8xtXDZXBigmp8WBdr9Killg9FMpx9QJpXdEIIGBF9_l_L12ylMSNEI1p8u1wiAFQ5IykvV1QWwyC\",\"expirationTime\":null,\"keys\":{\"p256dh\":\"BFdclf2baPoEhxHVanI4f9Wm-F4b6danbh0FO_sQ9u_Zd6zv_N9-dHn0WRi3LCLr_wGH755Pgy28_3KLF0Q54lo\",\"auth\":\"Gh8wtbB23JoOM3ULC-ksbQ\"}}","created_at":"2025-11-05 10:02:04","endpoint":"https://fcm.googleapis.com/fcm/send/eUKY7TtDW-U:APA91bEjCp0FOv9hPxjWsi0990FHJMFnQcmMt0dE5Z2NdUIqjb99wyn7a3gJSN4K8xtXDZXBigmp8WBdr9Killg9FMpx9QJpXdEIIGBF9_l_L12ylMSNEI1p8u1wiAFQ5IykvV1QWwyC"},
{"token_id":246,"user_id":7,"token":"{\"endpoint\":\"https://fcm.googleapis.com/fcm/send/cqnEDJR-gg8:APA91bENaB7cPURmKEbd2_6Nz_sdRJOBnBGF1H2WnD1KhsKQIlfgy1_z75kQ86UaM_PENhF5cxK7sS2naRC6tq56ubWFlziMyPVVW-4xppv6oout5EIeNwjjCIkT2rbYjimf5Avi89Ap\",\"expirationTime\":null,\"keys\":{\"p256dh\":\"BFaJDZrrvpxoXtntxlcrbJTR-pji9mS9DAWD_27Qs_iy02hO7SaDZ75yyHgTRXHIiP-MtUivRHYUck8MRTMGa50\",\"auth\":\"GeiOoFNdegY-AzCVnd0v4Q\"}}","created_at":"2025-11-05 10:02:23","endpoint":"https://fcm.googleapis.com/fcm/send/cqnEDJR-gg8:APA91bENaB7cPURmKEbd2_6Nz_sdRJOBnBGF1H2WnD1KhsKQIlfgy1_z75kQ86UaM_PENhF5cxK7sS2naRC6tq56ubWFlziMyPVVW-4xppv6oout5EIeNwjjCIkT2rbYjimf5Avi89Ap"},
{"token_id":251,"user_id":4,"token":"{\"endpoint\":\"https://fcm.googleapis.com/fcm/send/fKPAlAdNrJ0:APA91bFpOUBRiC6-TVR9tgU05tvUo12wu0xAQ29JTa2LzlUt5qBqyimM5tNIcfsbsGjkc1APhA0p6bX50dG6t8mirnEYhi9wNk_-61QdXCfRitdlb_ahGVu2OnVcWUQ78ZjnFRJIUmca\",\"expirationTime\":null,\"keys\":{\"p256dh\":\"BNidjNU76LWThh7kZIPFZNsmGaPcDjMcMfG8tlOHTWhhxEuUzxRRvJLhS04Y4-E6dqyNB6V-gSCckSTSO2NgtTQ\",\"auth\":\"OF6Bq2ExkzGBoTKLWmF2wA\"}}","created_at":"2025-11-05 10:04:01","endpoint":"https://fcm.googleapis.com/fcm/send/fKPAlAdNrJ0:APA91bFpOUBRiC6-TVR9tgU05tvUo12wu0xAQ29JTa2LzlUt5qBqyimM5tNIcfsbsGjkc1APhA0p6bX50dG6t8mirnEYhi9wNk_-61QdXCfRitdlb_ahGVu2OnVcWUQ78ZjnFRJIUmca"},
{"token_id":253,"user_id":5,"token":"{\"endpoint\":\"https://fcm.googleapis.com/fcm/send/fKyZCh5l4HA:APA91bGrt-kpRXMVd0kxMFEz9IpYtvZpKJOVvXVU4jprfepLjXN2ijAuwVKdbFeFAFpZf8WXUUjsT8WBZsZ1et3xImtC7qpYTQMOdgQdHhC_egj43lNXVF21E3UGU29c5JNXSkmwIAOF\",\"expirationTime\":null,\"keys\":{\"p256dh\":\"BMpVxkWgqGXvJ3WYAyWQvPCnfcDOsh67ydQbaoucxzBynM6Edea8bFsMICfcsFhGYnVbFf8HeoivnBApIsv6JIY\",\"auth\":\"Rj0l__olTccj4h8eccvSHw\"}}","created_at":"2025-11-05 10:05:30","endpoint":"https://fcm.googleapis.com/fcm/send/fKyZCh5l4HA:APA91bGrt-kpRXMVd0kxMFEz9IpYtvZpKJOVvXVU4jprfepLjXN2ijAuwVKdbFeFAFpZf8WXUUjsT8WBZsZ1et3xImtC7qpYTQMOdgQdHhC_egj43lNXVF21E3UGU29c5JNXSkmwIAOF"},
{"token_id":268,"user_id":1,"token":"{\"endpoint\":\"https://fcm.googleapis.com/fcm/send/e92T7DPHzmk:APA91bGAnuXDarsH-2mqqYuiG3TDH9kTEhN1S0H0upkJgKK3HnX_Nfw9zIBbdxFkEunn1NrAZPvSxMcdQFuR4jSY6gtKvGWo9H4T9yDjJW3Gf-gbQJnOjNOSwTtLRyXbO3adaBsbT976\",\"expirationTime\":null,\"keys\":{\"p256dh\":\"BH9JxaZE2NTPck6EonTRFacaaL8DG46C6FnDm0oSgTTFs7JqZTGkwP20vpG1m0YUNTpxzJxYDrzPgWYv5qXC35o\",\"auth\":\"aJw4Yc9eLwjVa9wFmvmC9w\"}}","created_at":"2025-11-05 10:49:11","endpoint":"https://fcm.googleapis.com/fcm/send/e92T7DPHzmk:APA91bGAnuXDarsH-2mqqYuiG3TDH9kTEhN1S0H0upkJgKK3HnX_Nfw9zIBbdxFkEunn1NrAZPvSxMcdQFuR4jSY6gtKvGWo9H4T9yDjJW3Gf-gbQJnOjNOSwTtLRyXbO3adaBsbT976"},
{"token_id":357,"user_id":4,"token":"{\"endpoint\":\"https://fcm.googleapis.com/fcm/send/evoQBBe5kZw:APA91bExCKZrkL4MlV4v0APNSRqr1yprVKLP9uUOWffd7HYV1fWv-EbWdEGbqiPTogRCrnrnCDCDyDNbZTTK3QbksKjEZY4XVG56Cv1BOcd-v8UQlIGaC3wRsZFnBkr-4gM1vgDgmU_d\",\"expirationTime\":null,\"keys\":{\"p256dh\":\"BIVgrClsYMqXRYNjHkSRVIsQits6ZKw087LNizlTpsxqar74ZyMok6A8-AYJaZ6_4zwtOJlyMRKRIWEkRAFvV6g\",\"auth\":\"Hn2u8rXdF7ZNdFqszKK-xg\"}}","created_at":"2025-11-06 14:06:52","endpoint":"https://fcm.googleapis.com/fcm/send/evoQBBe5kZw:APA91bExCKZrkL4MlV4v0APNSRqr1yprVKLP9uUOWffd7HYV1fWv-EbWdEGbqiPTogRCrnrnCDCDyDNbZTTK3QbksKjEZY4XVG56Cv1BOcd-v8UQlIGaC3wRsZFnBkr-4gM1vgDgmU_d"},
{"token_id":410,"user_id":1,"token":"{\"endpoint\":\"https://fcm.googleapis.com/fcm/send/fLNWj75Qyk4:APA91bFIClnn8-nc2V17wBacZAFVODRrYNXLK10SpcBJ70ehUJGp2_rdOwFGWi5dpnmvpSVDIv32soAlL410QD0YxD62LExzBzXGvlIi0EwNzQ0jEvmRw_j71HxramNCdmG39_Q4GsnM\",\"expirationTime\":null,\"keys\":{\"p256dh\":\"BI3JOHFS7RgqQGstoF9EOf9Y-yvBRWZnHtJLoZYN5fOkqbpwW1K38XAqoKoW8cxcofLUyRZusUrVF5vU99HPD5s\",\"auth\":\"N3BTb-WlSaXvtJH_cFxumg\"}}","created_at":"2025-11-06 15:48:37","endpoint":"https://fcm.googleapis.com/fcm/send/fLNWj75Qyk4:APA91bFIClnn8-nc2V17wBacZAFVODRrYNXLK10SpcBJ70ehUJGp2_rdOwFGWi5dpnmvpSVDIv32soAlL410QD0YxD62LExzBzXGvlIi0EwNzQ0jEvmRw_j71HxramNCdmG39_Q4GsnM"}]
