[{"day_id":2,"group_id":2,"day_number":1,"title":"খুলনা যাত্রার শুরু","day_date":"2025-11-06","description":"মানিকনগর থেকে খুলনার পথে বাসে যাত্রা। হোটেলে চেক-ইন শেষে রাতের শহরে, ছোটখাটো খাবারের স্বাদে দিনের ক্লান্তি ভুলে যাওয়ার অনুভূতি।","status":"Ended"},
{"day_id":3,"group_id":2,"day_number":2,"title":"শহর এবং ক্যাম্পাস","day_date":"2025-11-07","description":"সকালে নাস্তা ও মহেন্দ্র ঘোষের বাড়ি, দুপুরে বিশ্ববিদ্যালয় ক্যাম্পাসের শান্তি। বিকেলে রূপসা নদীর ধারে সূর্যাস্তের আলো, রাতের খাবারে চুই গোস্তের স্বাদ — শহরের প্রাণ যেন চোখের সামনে ফুটে ওঠে।","status":"Ended"},
{"day_id":4,"group_id":2,"day_number":3,"title":"বাগের হাট ভ্রমণ","day_date":"2025-11-08","description":"ষাট গম্বুজ মসজিদ ও খান জাহান আলীর মাজারের প্রাচীনতায় হেঁটে বেড়ানো। নদীর ধারে চা, মিষ্টি ও স্থানীয় খাবারের সঙ্গে দিনের গল্প শেষ হয়।","status":"Ended"},
{"day_id":5,"group_id":2,"day_number":4,"title":"স্মৃতি নিয়ে বিদায়","day_date":"2025-11-09","description":"দুপুরের খাবার শেষে বাসে চেপে ফেরার পথ। চার দিনের স্মৃতি, স্বাদ এবং শহরের বাতাস মনে রেখে যাত্রা সমাপ্ত।","status":"Ended"}]
